"pos","rec_date","rec_id","product_name","qnt","unit_price"
"?RZAQ MAGAZASI",2024-04-19,"?RZ_1","SULTAN BASMATI DUYU_1KQ*6 PET SISE",2,4.85
"APTEK",2024-04-19,"APT_2","Sərbəst satış",2,21.87
"BRAVO MARKET",2024-04-19,"BRA_3","PERWOLL GOLD 1L.",2,4.99
"ARAZ MARKET",2024-04-19,"ARA_4","BELARUS MOL.MIR SUD 2.5% 1LT",2,2.99
"BRAVO - OAZIS",2024-04-19,"BRA_5","A GOLD SOKOLAD 90Q.",2,2.45
"BRAVO",2024-04-19,"BRA_6","PERWOLL QARA 1L.",2,4.99
"MCDONALDS-PARKBULVAR            (303 SAYLI MAĞAZA)",2024-04-19,"MCD_7","McChicken O-Menyu",2,8.5
"OBA MAĞAZASI VƏ SUBİCARƏ",2024-04-19,"OBA_8","BETA EARL GREY CAY 100 GR",2,3.15
"MAGAZA",2024-04-19,"MAG_9","MILLA XAMA 25% 175 GR",2,2.95
"RAHAT MARKET METROPARK MAĞAZASI",2024-04-19,"RAH_10","AZCAKE BULKA QOZLU",2,1.8
"APTEK",2024-04-19,"APT_11","BINT   10x16  (ne steril)",2,1.7
"SULTAN MARKET - 1",2024-04-19,"SUL_12","LAMPA LUSTUR NAZDВ°K 60W E-14 VENDS _100__ed__",2,1.35
"ARAZ MARKET",2024-04-19,"ARA_13","GOYERTI  E1",5,1.17
"MAĞAZA",2024-04-19,"MAĞ_14","Darcin",3,6.54
"BAKE AND ROLL",2024-04-19,"BAK_15","Sərbəst satış",2,15
"PƏRAKƏNDƏ TICARƏT",2024-04-19,"PƏR_16","ORGANIC NATION",2,8.2
"BAZARSTORE ( GƏNCƏ-2)",2024-04-19,"BAZ_17","ETI POPKEK 45GR KARAMEL",3,1.5
"OBA MASAZIR 11",2024-04-19,"OBA_18","REVEL YENI SALFET 80 EDEDLI",2,1.49
"5+ SUPER MARKET",2024-04-19,"5+ _19","gundelik telebat mallari",2,5.48
"OBA MARKET YASAMAL  24",2024-04-19,"OBA_20","B-D ANA DILI DEFTER 24 VEREQLI",2,1.4
"BAZARSTORE-M( ZAHID X?LIL 60 / YASAMAL-2)",2024-04-19,"BAZ_21","HERMANO GAUDA PENDIR KG",1.274,11
"AL MARKET",2024-04-19,"AL _22","KENTON SEKERLI VANILYA 5LI POSET",2,1.4
"ARAZ MARKET",2024-04-19,"ARA_23","QIZIL QUYU QIZILGUL PET LIMONAD 1LT",2,2.09
"ARAZ MARKET",2024-04-19,"ARA_24","FELIX SENSATIONS SOUSDA YER KOKU ORDEK  85 GR",2,1.59
"ARAZ MARKET",2024-04-19,"ARA_25","ALMA  GRANNY SMITH SUPER KG",1.99,2.79
"OKI X?ST?XANA",2024-04-19,"OKI_26","Qlükoza qanda",2,4
"ARAZ MARKET",2024-04-19,"ARA_27","LAZETTI C  SOKOLADLI KESMIK  400 GR",2,3.79
"MARKET",2024-04-19,"MAR_28","SIQARET VEGAS SILVER SLIMS",2,3.1
"ARAZ MARKET",2024-04-19,"ARA_29","FUSE TEA PEACH PET 0.5LT",2,2.2
"BAZARSTORE ( XIRDALAN BAKI-QUBA SOSSESI )",2024-04-19,"BAZ_30","ZOLOTOY SAD SAFTALI MEYVE SIRESI 1LT T/P",2,2.88
"BRAVO-GƏNCLİK",2024-04-19,"BRA_31","CHUD SIROK SHOK 40QR",4,1.85
"OBA MARKET SABUNÇU 1",2024-04-19,"OBA_32","BANAN KG",2.87,2.99
"MAĞAZA",2024-04-19,"MAĞ_33","FINAL TOMAT PASTASI 720 GR",7,3.89
"ARAZ MARKET",2024-04-19,"ARA_34","JALE ALBALI 0.2L TETRAPAK",2,1.49
"GÖYÇAY MARKET",2024-04-19,"GÖY_35","PECENYE SLADENA YUBILEYNOE 390",2,2
"HİPER MARKET",2024-04-19,"HİP_36","",2,1.6
"AL MARKET",2024-04-19,"AL _37","COCA-COLA 2 LT. PET",2,2.8
"OBA MARKET AGDAS 7",2024-04-19,"OBA_38","TAMDAD TURK NOGULU 220-250 GR",2,2.3
"APTEK TBILISI BRAVO",2024-04-19,"APT_39","Maska operachionnaya  na rezinkax chernaya 3-x sloynaya Digerler <>",26,1.2
"BRAVO 28 MALL",2024-04-19,"BRA_40","TES LAY YAS 25*15Q.",2,2.55
"GRANDMART ALBALI",2024-04-19,"GRA_41","SOK NATURA 200 ML ERIK TP",2,1.35
"ARAZ MARKET",2024-04-19,"ARA_42","ETI POP KEK 45GR LIMON",2,1.45
"ƏRZAQ MAĞAZASI-İCARƏ",2024-04-19,"ƏRZ_43","10604 BAYAN PATIK CORAB ed",2,2
"K?ND T?S?RÜFATLARI MAGAZASI",2024-04-19,"K?N_44","C.KISMIS 111 KQ",1.276,10.86
"İDMAN SAĞLAMLIQ KOMPLEKSİ",2024-04-19,"İDM_45","HARIBO WORMS 30GR",2,1.45
"BRAVO-GƏNCLİK",2024-04-19,"BRA_46","SLIPPER 12635 36-40.",2,5.9
"ƏRZAQ MAĞAZASI",2024-04-19,"ƏRZ_47","Bollug Baliq/Fiyonk Kreker Duzlu Cubug KG kg",1.165,6.79
"QAYALI GOLD MARKET V? SUBICAR?",2024-04-19,"QAY_48","Azs.Yujural Karamel Mecta (Ceki)Kq",1.284,5.19
"BRAVO 8TH KM",2024-04-19,"BRA_49","ETI KRAX EDVIYYAT 45",2,1.59
"ARAZ MARKET",2024-04-19,"ARA_50","BAKIXANOV COREK",2,1.65
"BAZARSTORE (XƏTAİ)",2024-04-19,"BAZ_51","LENOR C.YUMSALDICI CHILDREN 1 LT",2,4.99
"MARKET",2024-04-19,"MAR_52","KIBRIT IL",2,1.04
"GRAND MARKET",2024-04-19,"GRA_53","QM. QOZ QABIQLI KQ",1.38,13.84
"BAZARSTORE(QARA QARAYEV)",2024-04-19,"BAZ_54","GULUM XIYAR TURSUSU 700 GR",3,2.29
"SPAR MARKET",2024-04-19,"SPA_55","TAMASA DUYU CEKILI",2.15,4.16
"GRANDMART BESTMART",2024-04-19,"GRA_56","YOGURT MIMI BIO 100QR BANANLI",2,1.39
"?RZAQ MAGAZASI",2024-04-19,"?RZ_57","ÃÃRÃK ZAVOD",2,1.5
"ARAZ MARKET",2024-04-19,"ARA_58","GALINA BLANCA BULYON KURINNIY MC 1*24*48",2,1.15
"ADIU BRAVO",2024-04-19,"ADI_59","S.DAD KEFIR 0.5%500.",2,2.29
"MAGAZA",2024-04-19,"MAG_60","SHAM 5PCS 250GR",2,1.65
"BRAVO DƏNİZ MALL",2024-04-19,"BRA_61","TOYUQ BULYONU 80G.",2,2.19
"AL MARKET",2024-04-19,"AL _62","SERFELI GUNEBAXAN YAGI 1 L",2,4.76
"MARKET",2024-04-19,"MAR_63","ROLLTON VERMISHEL 60 QR TOYUQ",2,1.5
"BRAVO",2024-04-19,"BRA_64","ANANAS KUBIK KQ.",1.222,12.17
"GRAND-MART QOBU PARK 2",2024-04-19,"GRA_65","COREK ZAVOD NUR BOYUK",2,1.65
"BRAVO DƏNİZ MALL",2024-04-19,"BRA_66","TORABIKA CAPPUCINO2.",3,1.39
"AL MARKET",2024-04-19,"AL _67","BINE ZAVOD COREK 650 GR",2,1.65
"OBA MARKET",2024-04-19,"OBA_68","VICEROY N-SERIES SILVER",2,3.1
"QAYALI GOLD MARKET V? SUBICAR?",2024-04-19,"QAY_69","Full Energy Drink (3338) 250ml",2,1.46
"BRAVO",2024-04-19,"BRA_70","(I)FOREL SOYUQ H/V.",1.134,14.88
"KFC-STATISTIKA",2024-04-19,"KFC_71","Sprite Plastik Qab 0,5",2,2.5
"RAHAT MARKET PAPANİN",2024-04-19,"RAH_72","LUPPO CAKE BITE DARK QUTU SOLEN 300 QR",2,5.33
"3531 MARKET",2024-04-19,"353_73","SIYEZEN TEZE TOYUQ ACIQ KG",3.966,5.7
"P?RAK?ND? TICAR?T",2024-04-19,"P?R_74","ZAVOD COREYI",2,1.5
"MARKET F7",2024-04-19,"MAR_75","RULET RULE MAX 150QR PORTAGAL",2,2.1
"ARAZ SUPERMARKET XIRDALAN 3",2024-04-19,"ARA_76","ESTELLA OZZO DOLCE PALLA PORTAGAL SOK.KG",1.11,8.18
"AL MARKET",2024-04-19,"AL _77","MAGNA CARBON SILVER",2,3.1
"OCAQ MARKET",2024-04-19,"OCA_78","KIVI ELA",1.315,3.29
"APTEK",2024-04-19,"APT_79","Sərbəst satış",2,10.8
"ARAZ MARKET",2024-04-19,"ARA_80","YENI NATURA MULTI SOKU 1L TP",2,2.39
"ETALON MARKET-ICAR? OBYEKTI",2024-04-19,"ETA_81","FANTA EXOTC PET 1 LT",2,2.2
"DNK KLINIK",2024-04-19,"DNK_82","a-Amilaza",2,7
"KİNG SMART   SUPER MARKET",2024-04-19,"KİN_83","Zavod corek xirdalan (boyuk)",2,1.64
"KING SMART   SUPER MARKET",2024-04-19,"KIN_84","ANKARA MAKARON KLASSIK 500QR",2,2.39
"ARAZ MARKET",2024-04-19,"ARA_85","NESCAFE 13 CARAMEL KOFE 14.5GR",2,1.3
"GRANDMART",2024-04-19,"GRA_86","MAYA BEKMAYA 100 QR",2,1.99
"M MARKET",2024-04-19,"M M_87","BERQA CHAY 225 GR",2,5.99
"OBA MARKET QUBA 17",2024-04-19,"OBA_88","ETI BALIK KRAKER 70 GR",2,1.8
"ARAZ MARKET",2024-04-19,"ARA_89","SALUTE XOREK DUZU 1000GR",2,1.47
"ARAZ MARKET",2024-04-19,"ARA_90","SOBA KEPEKLI COREK",2,1.75
"HİPER ƏMİNƏ MARKET",2024-04-19,"HİP_91","ZIRE MERDAKAN KOBELEK 500GR_Y™d__",2,3.55
"MAGAZA RAMANA",2024-04-19,"MAG_92","BULYON DOMASNIY 90 QR",2,1.86
"BRAVO-HIPER-TIFLIS PRO",2024-04-19,"BRA_93","FRISKIES BALA PISIK.",2,4.45
"NGA KOROĞLU BRAVO",2024-04-19,"NGA_94","POMIDOR SLIVKA KQ.",1.726,4.29
"BRAVO BABƏK SUPERSTORE",2024-04-19,"BRA_95","DITORINO\ 20QR.",2,1.49
"BRAVO - ZEFIR MALL",2024-04-19,"BRA_96","MILLI LYUBITEL KOLB.",1.478,12.95
"OBA MARKET",2024-04-19,"OBA_97","OCAQ SAC YUXA 200 GR",2,1.59
"BRAVO",2024-04-19,"BRA_98","BISMAK PECENYE SPOR.",1.256,3.26
"MARKET VƏ SUBICARƏ",2024-04-19,"MAR_99","PAPI 160LI 30*30SM",2,2.48
"ARAZ MARKET",2024-04-19,"ARA_100","DURU FRESH SABUN OKEAN 150QR *48",2,2.04
"BAZARSTORE ( İSMAYILLI FİLİALI )",2024-04-19,"BAZ_101","DIROL NANELI 14 GR",4,1.49
"BAZARSTORE (X?TAI)",2024-04-19,"BAZ_102","SEVIMLI DAD  QAYMAQ 30% 200 GR",2,2.69
"OBA MARKET 3 MKR 5",2024-04-19,"OBA_103","SHOKOLEND SO VKUS. KREM-LIKER SOKOLAD KG",1.31,8.39
"TAYQA TİCARƏT",2024-04-19,"TAY_104","YUMURTA EDED 0777",6,1.13
"ANBAR",2024-04-19,"ANB_105","Тональная основа GG - Слоновая Кость (холодный)",2,14.03
"OBA MARKET",2024-04-19,"OBA_106","SHEKER TOZU KG",2.07,2.31
"RAHAT YASAMAL 3 (BƏYAZ)",2024-04-19,"RAH_107","B.S MUTAKI QOZLU KG",1.115,16
"OBA MARKET",2024-04-19,"OBA_108","GILLETTE BLUE ULGUC 3LU TEKLI",2,3.15
"OBA MARKET",2024-04-19,"OBA_109","YANTAR PENDIR 62% 200 GR",2,2.09
"MARKET GÜNƏŞLİ",2024-04-19,"MAR_110","SI SOYUZ KLASSIK PECENYE KQ",1.23,7
"ARAZ MARKET",2024-04-19,"ARA_111","MIMI YOQURT BANAN 100GR",5,1.49
"PƏRAKƏNDƏ TICARƏT",2024-04-19,"PƏR_112","GUSTO HIL UYUDU",2,2.2
"QƏDİROĞLU UĞUR MARKET",2024-04-19,"QƏD_113","SEFA BUD DIBI ACIQ KG 10306",3.185,6.25
"BRAVO",2024-04-19,"BRA_114","GOURMET QIZIL BALIQ.",2,2.95
"""""BAZARSTORE""""  ƏRZAQ MAĞAZASI",2024-04-19,"""""B_115","SUN BAKERY SIMIT D/Q",4,1.55
"SPAR MARKET",2024-04-19,"SPA_116","RICHMOND SEKER TOZU 10*800GR",2,2.55
"SURAXANI (MAĞAZASI)",2024-04-19,"SUR_117","SEVIMLI DAD BISMIS DOKTOR KOLBASA KG",2.122,10.95
"SPAR  MARKET",2024-04-19,"SPA_118","DENIZ TON BALIG ZEYTUN YAGLI 180GR",2,3.59
"BİZİM MARKET",2024-04-19,"BİZ_119","LYUBİMIY ŞİRƏ 0.2L T",2,1.49
"MAĞAZA",2024-04-19,"MAĞ_120","Portagal yeni kg",1.904,2.98
"BAZARSTORE ( YASAMAL)",2024-04-19,"BAZ_121","BREST LITOVSK SLIVOCNI PENDIR 50% 200 GR",2,4.85
"ARAZ MARKET",2024-04-19,"ARA_122","BOLSOE FILE TUSKI  SERVOLYUKS  15KG DON",1.46,8.91
"GRAND-MART SUMQAYIT",2024-04-19,"GRA_123","VAFLI YASHKINO 200QR SOKOLADNOY QLAZUR.",2,2.29
"ARAZ MARKET",2024-04-19,"ARA_124","TOKAY BATONCIK VAFLI SOK. KQ",1.42,7.5
"BRAVO TAHIR EXPRESS",2024-04-19,"BRA_125","FISDIGIAGQOVRUL250Q",2,3.33
"ƏRZAQ MAĞAZASI",2024-04-19,"ƏRZ_126","SALFETKA YAGMUR 200 ED əd.",4,1.89
"ARAZ MARKET",2024-04-19,"ARA_127","VORONOK PAMADA SHOK. KG",1.25,11.16
"SPAR",2024-04-19,"SPA_128","XORTICYA ICE ARAQ 1L",2,17.59
"OBA MARKET 3 MKR 5",2024-04-19,"OBA_129","OZMO FUN 4X24X23 GR SOLEN",2,1.59
"MAGAZA",2024-04-19,"MAG_130","WHISKAS KURICHA RAQU 75 GR",2,1.63
"AZADLIQ 145  BRAVO",2024-04-19,"AZA_131","SIYEZEN TOYQ BUDDIB.",1.611,5.89
"BAZARSTORE ( XIRDALAN)",2024-04-19,"BAZ_132","COCA-COLA 2 LT. PET",2,2.79
"AL MARKET",2024-04-19,"AL _133","MAGNA CARBON BLACK",2,3.1
"KİNGSMART SUPER MARKET",2024-04-19,"KİN_134","BOLQAR PENDIRI kg",1.534,6.75
"QARADAG MARKET",2024-04-19,"QAR_135","CAY QASHIQ PLASTIK 12 ED",2,1.6
"""""ARAZ"""" MARKET",2024-04-19,"""""A_136","SADOCOK SOK SAFTALI 0.2L*27",2,1.49
"LİFE STORE MARKET",2024-04-19,"LİF_137","SARIKIZ 200 ML ALMA",2,1.78
"BRAVO - ZEFIR MALL",2024-04-19,"BRA_138","YURDUM XAMA 25% 3KQ.",1.218,5.54
"MAĞAZA ( İMIŞLI )",2024-04-19,"MAĞ_139","KOK TR KG",1.878,1.99
"AL MARKET",2024-04-19,"AL _140","COBARDE CHOCOLATE BATON ASSORTI KG",1.15,10.99
"ARAZ SUPERMARKET 7 MKR 2",2024-04-19,"ARA_141","SOBA PAPATYA COREYI EDED",2,1.8
"ARAZ MARKET",2024-04-19,"ARA_142","GILEZI AG YUMURTA IRI",16,1.14
"ARAZ SUPERMARKET XIRDALAN",2024-04-19,"ARA_143","TIC-TAC 16GR ORANGE",2,2
"MARKET",2024-04-19,"MAR_144","SALFET SUN MAXI 195 ED",2,1.89
"AL MARKET",2024-04-19,"AL _145","FANAT SUXARI XAMALI 60 QR",2,1.5
"OBA MARKET",2024-04-19,"OBA_146","YUMURTA SADE",11,1.13
"ARAZ MARKET",2024-04-19,"ARA_147","OZMO EGG 20 GR",2,2.1
"MEGASTORE TƏBRİZ",2024-04-19,"MEG_148","DELTA COREKCI KORJIK 100GR 3085",2,1.4
"MAĞAZA",2024-04-19,"MAĞ_149","Vatman rəsamlıq üçün 200 qr (610*860)",2,1.45
"AL MARKET",2024-04-19,"AL _150","FANTA PORTAGAL 2,5 LT",2,3
"ƏRZAQ MAĞAZASI",2024-04-19,"ƏRZ_151","AQRO PECENYE XARKOV FUNNY FISHES 1725  kq.",1.342,5.69
"?RZAQ MAGAZASI",2024-04-19,"?RZ_152","SABALID TEZE",1.344,9.75
"OBA BADAMDAR 3",2024-04-19,"OBA_153","FRUKTOVIY SAD ALMA SIRESI 200 ML",2,1.45
"RAHAT MARKET INQILAB",2024-04-19,"RAH_154","KEKSTRA PORTAGAL ULKER 40 QR",2,1.4
"ARAZ MARKET",2024-04-19,"ARA_155","SOGAN TEZE KG",2.96,1.45
"OBA MARKET",2024-04-19,"OBA_156","NUR MOZARELLA PENDIR 40% 250 GR",2,3.15
"WESTMAR"""" SUPERMARKETI",2024-04-19,"WES_157","B/TARLA YASHIL NOXUD 7",2,4.55
"ARAZ MARKET",2024-04-19,"ARA_158","ISKEL CILI ACILI SARIMSAQLI SOUS 200QR*30",2,1.99
"OBA MARKET",2024-04-19,"OBA_159","ALMA QIRMIZI KG",2.99,2.59
"BRAVO-GƏNCLİK",2024-04-19,"BRA_160","HALAL NEMET MANQALUS",1.196,12.99
"BAZARSTORE- M (LƏNKƏRAN-1 / NİZAMİ KÜÇ 12 )",2024-04-19,"BAZ_161","MOCUZE KERE LEZZETLI QARGIDALI 2 LT",2,13.14
"ƏRZAQ MAĞAZASI",2024-04-19,"ƏRZ_162","GILAN BORODIN COREYI 400 GR",2,1.85
"""""BİZİM MARKET""""",2024-04-19,"""""B_163","AZCAKE BULKA KESMIKL",2,1.7
"ARAZ SUPERMARKET QARA QARAYEV 3",2024-04-19,"ARA_164","MOCUZE MARQARIN YAG 80% 250GR",2,2.19
"BRAVO XIRDALAN",2024-04-19,"BRA_165","EGG CANDLE 60/45",5,1.99
"ARAZ MARKET",2024-04-19,"ARA_166","LA MOLISANA PANTACCE TOSCANE 500G",2,3.54
"BRAVO - 20 SAHE",2024-04-19,"BRA_167","SLAVYANKA PL 0.5LT.",2,1.45
"AL MARKET",2024-04-19,"AL _168","MOCUZE KERE LEZZETLI BITKI YAGI 250 GR",2,2.19
"OBA MARKET",2024-04-19,"OBA_169","MOY SAFTALI-ALMA MEYVE SIRESI 1.93 LT TETRAPAK",2,2.99
"APTEK",2024-04-19,"APT_170","SPRIS  20ml  """"DIAMED""""  2P ",2,1.25
"SİQARET SATIŞI",2024-04-19,"SİQ_171","west",4,3.3
"BAZARSTORE(QARA QARAYEV)",2024-04-19,"BAZ_172","KARTOF ACIK KG",2.412,2.09
"APTEK (BAKI SEHER  YASAMAL RAYONU  A.M.SERIFZADE K",2024-04-19,"APT_173","Sərbəst satış",2,5.79
"ARAZ SUPERMARKET E.HÜSEYNZAD?",2024-04-19,"ARA_174","WANT LINE X RED",2,3.4
"3 QARDAS MARKET I",2024-04-19,"3 Q_175","COREK EHMEDLI",3,1.65
"ARAZ MARKET",2024-04-19,"ARA_176","NV METBEX SUNGERI ANTIBAKTERIAL 3 ED",2,1.99
"ARAZ MARKET",2024-04-19,"ARA_177","ROSSIYANKA SPRED SLIV.VKUS 72.5% 1KG",2,4.99
"PIDEM DƏNİZ MALL",2024-04-19,"PID_178","KASHARLI PIDE 1 pors.",2,5.95
"ARAZ MARKET",2024-04-19,"ARA_179","AZERCAY BUKET 25*2GR",2,2.72
"ARAZ MARKET",2024-04-19,"ARA_180","AIRWICK QACHAY RITMI 240 ML 1+1",2,4.15
"OBA MARKET ŞƏMKIR  21",2024-04-19,"OBA_181","SEDEF PALTAR SABUNU 72 % LI 185 GR",4,1.65
"BAZARSTORE-M( XUTOR) MAGAZASI",2024-04-19,"BAZ_182","KOK TR KG",2.166,1.89
"RAHAT YASAMAL 3 (BƏYAZ)",2024-04-19,"RAH_183","PALOCKI DUZLU BULKO 250 GR",2,2
"OBA MARKET",2024-04-19,"OBA_184","SHEKER TOZU KG",3.14,2.31
"BOLMART SUPERMARKET",2024-04-19,"BOL_185","SEKER TOZU UKRAYNA KQ",2.04,2.34
"BILLUR MAGAZA",2024-04-19,"BIL_186","RICHMOND QIR.MERCI 800GR",2,4.38
"AL MARKET",2024-04-19,"AL _187","BATTANIYE 155220CM 1K YUN FIL",2,13.99
"ƏRZAQ MAĞAZASI",2024-04-19,"ƏRZ_188","XIRDA,FISDIQLI LOKUM NEFIS DAD",1.316,4.45
"OBA MARKET",2024-04-19,"OBA_189","FAIRY QAB SAMPUNU LIMONLU 650 ML",2,2.95
"(BT-5) ƏHMƏDLİ MAĞAZA VƏ ANBAR",2024-04-19,"(BT_190","Qida ve qeyri qida mehsullari (Ed)",2,10.9
"Dokta aptek",2024-04-19,"Dok_191","Sistema s filtrom   Digerler EASTMED/Care Medical Akhui Kangda",6,1.5
"""""BİZİM MARKET"""" MMC",2024-04-19,"""""B_192","MR.PEPPER VANİL 5QR",16,1.08
"ARAZ MARKET",2024-04-19,"ARA_193","YER FISTIGI QABIQLI KG",1.81,4.67
"AL MARKET",2024-04-19,"AL _194","FANTA PET 1 LT.",2,2.2
"MARKET",2024-04-19,"MAR_195","ORBIT SAQQIZ WHITE SPEARMINT 14GR",2,1.59
"QARISIQ MALLAR MAGAZASI",2024-04-19,"QAR_196","Seker tozu",11,2.34
"ƏN UCUZ MARKET",2024-04-19,"ƏN _197","PESOK",6.004,2.3
"AL MARKET",2024-04-19,"AL _198","BIZIM SUD CANAQ PENDIR 500 GR  ",2,5.3
"ARAZ MARKET",2024-04-19,"ARA_199","UNUDULMAZ LEZZET SARATOVKA KESMIK QAYSILI18% 400GR",2,3.9
"MARKET",2024-04-19,"MAR_200","GUNTUMU PATRON 120QR PANTERA",2,2.5
"SPAR MARKET",2024-04-19,"SPA_201","BLOOM SABUN 90GR BADAM",2,1.49
"ANBAR",2024-04-19,"ANB_202","OnColour krem dodaq boyası - Yasəməni Yonca",2,3.76
"OBA MARKET",2024-04-19,"OBA_203","ORBIT SPEARMINT 444324-1596",2,1.55
"""""ARAZ"""" MARKET",2024-04-19,"""""A_204","NESTLE NESQUIK DUO 250GR",2,2.95
"MARKET",2024-04-19,"MAR_205","UN FAVELLI 2KQ",2,3.9
"Amin Market",2024-04-19,"Ami_206","FANTA 1 LT PORTAGAL 1/12",2,2.1
"PƏRAKƏNDƏ TICARƏT",2024-04-19,"PƏR_207","ZELENAYA APTEKA",2,5.81
"AL MARKET",2024-04-19,"AL _208","PRIMA DELUXE BLUE",3,3.1
"ARAZ MARKET",2024-04-19,"ARA_209","GILEZI KEND YUMURTA IRI",16,1.14
"BAZARSTORE ( XALQLAR DOSTLUĞU )",2024-04-19,"BAZ_210","ERA OV TEMIZLEYICI TOZ 500 QR LIMON",3,1.55
"ARAZ MARKET",2024-04-19,"ARA_211","BEST B. FIBRUS 400-900 KQ",1.71,13.42
"KOSMOS MARKET",2024-04-19,"KOS_212","B.TARLA SOY.DOG. POMIDOR_640ML*12",2,2.89
"BAZARSTORE-M( XIRDALAN ŞƏH. AAAF-PARK )",2024-04-19,"BAZ_213","DOKTOR MILK KESMIK QAYSIL 0.3% 180 GR",2,2.2
"Q?DIROGLU MARKET",2024-04-19,"Q?D_214","SEKER TOZU AZERSEKER KG 12509",3.068,2.33
"ARAZ MARKET",2024-04-19,"ARA_215","OVQAT SERV.CAPLI HALAL 400-500 QR",1.43,14.6
"ARAZ MARKET",2024-04-19,"ARA_216","SILYON NEM DESMAL  VIOLET 120 EDED",2,2.45
"""""ABŞERON"""" MARKET",2024-04-19,"""""A_217","CHOCO PIE 336GR",2,4.96
"OBA MARKET",2024-04-19,"OBA_218","BADAMLI 1 LT QAZLI PET",2,1.74
"ARAZ MARKET",2024-04-19,"ARA_219","DC BATON BAKI EKSTRA 400GR",4,1.8
"RAHAT AİLƏ MARKET YASAMAL",2024-04-19,"RAH_220","SUP BIG LANCH LAPSHA 90GR TOYUQ",2,2.18
"OBA MAKET KÜRDƏMIR 10",2024-04-19,"OBA_221","SHEKER TOZU KG",2,2.35
"MAGAZA",2024-04-19,"MAG_222","Cey-cey shoko.findiqli krem 500gr pls",2,5.15
"ARAZ MARKET",2024-04-19,"ARA_223","BINQO MANUAL 1KQ FLORAL SPLASH HAYAT",2,6.19
"BRAVO-MASAZIR",2024-04-19,"BRA_224","FRUKT SAD ALBALI2LT.",2,4.49
"BRAVO-HİPER-TİFLİS PRO",2024-04-19,"BRA_225","QM YAG 82.5% 500QR",2,11.15
"OBA MARKET",2024-04-19,"OBA_226","MOY ANANAS NEKTARI TETRAPAK 200 ML",2,1.3
"ARAZ MARKET",2024-04-19,"ARA_227","TESS PLEASURE QARA CAY DEMLEME 100 GR",2,3.35
"MARKET F4",2024-04-19,"MAR_228","QATIQ QAYMAQ 870QR",2,3.99
"MARKET",2024-04-19,"MAR_229","DANONE AKTIVIA YOQ.150GR",2,2.19
"ARAZ MARKET V? SUBICAR?",2024-04-19,"ARA_230","OVCU.SEDEF SERV 600-700 GR",1.54,9.35
"ƏN UCUZ MARKET",2024-04-19,"ƏN _231","REXONA DEO 150ML EMIR",2,3.4
"MAĞAZA",2024-04-19,"MAĞ_232","NESCAFE 14.5GR KOFE 3V1 MILD POSET",2,1.3
"OBA MARKET",2024-04-19,"OBA_233","SABALID KG",1.51,6.92
"ARAZ MARKET",2024-04-19,"ARA_234","SLAVYANSKOE KERE YAGI 500 QR 82.5 %  (1X20)",2,8.99
"BIZIM MARKET",2024-04-19,"BIZ_235","NUR Z.CÖRƏYİ PK 650Q",3,1.65
"OBA MARKET QUBA 17",2024-04-19,"OBA_236","FELLINI QIRMIZI MERCI 900 GR",2,3.99
"BAZARSTORE ( MİNGƏÇEVİR 2 )",2024-04-19,"BAZ_237","AZER SEKER SARMA 500 GR",2,2.94
"ARAZ HACI MARKET",2024-04-19,"ARA_238","EVIM KELLE QEND KG",3,2.85
"ARAZ MARKET",2024-04-19,"ARA_239","XIYAR PATRON KG",1.3,4.33
"ARAZ MARKET",2024-04-19,"ARA_240","FRUKTOVIY SAD PORTAGAL QUTU 1LT",2,2.95
"A PLUS MASAZIR 1 SUPERMARKET",2024-04-19,"A P_241","AZCAKE XACAPURI PENDIRLI (180QR), ED",3,2.33
"QAYALI GOLD MARKET VƏ SUBİCARƏ",2024-04-19,"QAY_242","Xama (0017) 170qr",2,1.23
"NURSEL TICARƏT",2024-04-19,"NUR_243","CORAB 0,90 AZN",2,1.9
"ƏN UCUZ MARKET",2024-04-19,"ƏN _244","BERQA ROYAL  CEREMONY 100QR",3,3.66
"AL MARKET",2024-04-19,"AL _245","FIRIN ELDIVENI 25CM KUMAS 1PARMAK ANTI",2,3
"MARKET FR2",2024-04-19,"MAR_246","MVT.GM SOGAN KG",1.31,1.68
"GRAND-MART SUMQAYIT",2024-04-19,"GRA_247","COREK COREKCI 400QR BATON KEPEKLI",2,1.8
"OBA MARKET YEVLAX 5",2024-04-19,"OBA_248","QLEYS SOKOLAD KG",1.22,6.68
"ARAZ MARKET",2024-04-19,"ARA_249","WHISKAS PISIK YEMI JELE S KURICEY 28X75GR",2,1.7
"?RZAQ MAGAZASI",2024-04-19,"?RZ_250","Leziz Erik N4 (Ceki) kg",1.115,16.6
"ARAZ SUPERMARKET ÇOBANZAD?",2024-04-19,"ARA_251","DC DELTA ZAVOD COREYI 600 GR",2,1.65
"APTEK",2024-04-19,"APT_252","Vamloset 5mq/160mq N 28 Hebler KRKA",2,12.83
"ƏRZAQ MAĞAZASI",2024-04-19,"ƏRZ_253","TOYUQ BUD DIBI MERCAN 1KQ",2.02,5.6
"MAĞAZA",2024-04-19,"MAĞ_254","SWEET CANDY SEKERLI PAMUK 35 G",3,2.09
"?RZAQ MAGAZASI",2024-04-19,"?RZ_255","LAVKA KARDAMON 10GR",2,2.2
"AL MARKET",2024-04-19,"AL _256","COCA COLA 500 ML PET",2,1.8
"AL MARKET",2024-04-19,"AL _257","IYDE  CEKI",1.166,6.99
"NGA KOROĞLU BRAVO",2024-04-19,"NGA_258","VUGMA CIRE KQ.",1.076,7.99
"OBA MARKET SAVALAN 5",2024-04-19,"OBA_259","DOYMAK SPAGETTI 500 GR",2,1.95
"SEDA STORE",2024-04-19,"SED_260","KUKLA LOL 8803 EFA",2,8
"BAZARSTORE ( SUMQAYIT-2 )",2024-04-19,"BAZ_261","SUN SALFET MAXI 180 ED",2,1.98
"GRANDMART MAŞTAĞA",2024-04-19,"GRA_262","KRUASSAN 7DAYS 65QR KLUBNIKA MIDI",2,1.85
"ARAZ MARKET",2024-04-19,"ARA_263","K.E.TAXTA YESIK",5,1.25
"""""BAZARSTORE"""" MMC",2024-04-19,"""""B_264","OREO SUDLU PECENYE 38 GR",2,1.7
"APTEK SUMQAYIT 24(341)",2024-04-19,"APT_265","Derman (Ed)",2,37.6
"ARAZ MARKET",2024-04-19,"ARA_266","KRESTYANSKOYE PRIVOLYE SPRED 180 GR.",2,2.15
"MARKET",2024-04-19,"MAR_267","MVT.GM PORTAGAL TURK KG",1.61,2.69
"ARAZ MARKET",2024-04-19,"ARA_268","BAGDAN BOYURTIKAN KOMPOTU 1L",2,2.39
"?RZAQ MAGAZASI",2024-04-19,"?RZ_269","FIRIN.COREK GURCU 400GR EDED",2,1.9
"OBA MARKET",2024-04-19,"OBA_270","PORTAGAL KG",3.29,2.32
"APTEK 207 YENI",2024-04-19,"APT_271","YOD",2,1.4
"BRAVO SABUNÇU",2024-04-19,"BRA_272","HICAZ SERV 500.",2,5.99
"GRANDMART",2024-04-19,"GRA_273","KONTI DJEK SOKOLAD KQ",1.69,11.62
"MARKET",2024-04-19,"MAR_274","SUXARI 3KOROCKI 40QR BEKON",2,1.3
"ARAZ MARKET",2024-04-19,"ARA_275","LIMON SUPER KQ",1.56,2.98
"AL MARKET",2024-04-19,"AL _276","LAYS PENDIR CIPS 81 GR",2,2.65
"ARAZ MARKET",2024-04-19,"ARA_277","LD CLUB EXTRA WHITE",5,3.9
"BAZARSTORE ( HƏZİ ASLANOV-UKRAİNSKİ FİLİALI )",2024-04-19,"BAZ_278","ANKARA MAKARON MANTI 500 GR",2,2.45
"ARAZ MARKET",2024-04-19,"ARA_279","LIMON SUPER KQ",1.25,2.68
"OBA MARKET MING?ÇEVIR 12",2024-04-19,"OBA_280","CEREZOS HUP SUT MISIR 20 GR",2,1.4
"EL-MARKET",2024-04-19,"EL-_281","YASHIL MERCI_CEKI",1.922,3.65
"APTEK",2024-04-19,"APT_282","Vitamin V6 5 1ml N10 Ampula Reyoung Pharmaceutical Co. Ltd.",3,1.09
"BAZARSTORE- M (AYNA SULTANOVA )",2024-04-19,"BAZ_283","COCA-COLA 1,5 LT",2,2.5
"BRAVO",2024-04-19,"BRA_284","FINAL TOM PAS 720Q.",2,3.95
"OBA MARKET SARAY  8",2024-04-19,"OBA_285","SOYULMUS SABALID 250 GR",2,5.39
"MARKET",2024-04-19,"MAR_286","SOR ISMAYILLI AZFOOD KQ",1.25,5.16
"FƏTƏLİ XAN XOYSKİ BRAVO",2024-04-19,"FƏT_287","COCA-COLA PL 1 LT.",2,2.19
"ARAZ MARKET",2024-04-19,"ARA_288","BAKER PRAQA COREYI 400GR",2,1.7
"OBA MARKET",2024-04-19,"OBA_289","MANDARIN KG",2.47,2.88
"BRAVO XIRDALAN",2024-04-19,"BRA_290","LIMON KQ.",1.377,2.99
"""""BIZIM MARKET"""" MMC",2024-04-19,"""""B_291","BİBƏR KAPİYA KG",1.115,5.9
"ARAZ MARKET",2024-04-19,"ARA_292","ROTF FEYA KAR.KG",1.16,6.69
"KONTAKT HOME MAGAZASI",2024-04-19,"KON_293","kredit",2,91
"MAĞAZA",2024-04-19,"MAĞ_294","BISMAK PECENYE SPORT 6KQ kq.",1.27,3.59
"OBA MARKET",2024-04-19,"OBA_295","QOZ QABIQLI KG",1.41,4.37
"BRAVO",2024-04-19,"BRA_296","BAKIXANOV COREYI.",3,1.65
"AL MARKET",2024-04-19,"AL _297","NATURA BASE SAFTALI SIRESI 1LT T/P",2,2.39
"ARAZ MARKET",2024-04-19,"ARA_298","FAIRY QAB YMAYEPLAT.LIMON-LAYM750ML(20)",2,4.79
"MARKET",2024-04-19,"MAR_299","CAY AZERCAY BUKET 300 QR",2,6.57
"ƏRZAQ MAĞAZASI",2024-04-19,"ƏRZ_300","PAKET 0_10 AZN_ed__",2,1.1
"GLOBUS CENTER BRAVO",2024-04-19,"GLO_301","PROSTOKVAS XM25%315.",2,3.99
"ARAZ SUPERMARKET QARA QARAYEV 2",2024-04-19,"ARA_302","BONDUEL YASHIL NOXUD  6X720ML",2,4.75
"GRANDMART",2024-04-19,"GRA_303","BIJUTERIYA AD 2",2,2.5
"BAZARSTORE- M (TOVUZ)",2024-04-19,"BAZ_304","DR.OETKER KAKAOLU PUDING 147 GR",2,2.59
"MAGAZA",2024-04-19,"MAG_305","Maqna Kompakt Ag ed.",2,3.1
"Q?DIROGLU MARKET",2024-04-19,"Q?D_306","ARAQ BANKETNAYA YUBILEY 1 LT",2,16.5
"""""SELHOME""""",2024-04-19,"""""S_307","Servis Qabı Intruegl",2,19.1
"QAYALI GOLD MARKET VƏ SUBİCARƏ",2024-04-19,"QAY_308","Xrus Team Suxarik 30qr ceshid",7,1.27
"BİZİM MARKET",2024-04-19,"BİZ_309","AZƏRSUN ŞƏKƏR TOZ KG",2.49,2.39
"OBA MARKET",2024-04-19,"OBA_310","N1 XUSUSI BATON COREYI 400 GR",2,1.8
"MAGAZA",2024-04-19,"MAG_311","HAGRIS 425ML SIRIN QARGIDALI DQ",2,2.9
"MƏRDƏKAN MAĞAZASI",2024-04-19,"MƏR_312","İri məişət avadanlığı",2,840
"BRAVO 28 MALL",2024-04-19,"BRA_313","AZOVSKIY KOZINK 280Q",2,3.49
"BRAVO ZAHID X?LILOV",2024-04-19,"BRA_314","FANAT UNLAMA 300Q.",2,1.99
"BAZARSTORE-M( ?HM?DLI MAGAZASI )",2024-04-19,"BAZ_315","SUPER MILKY CIYELEKLI SUD 3% 200ML TETRA",2,1.79
"ARAZ MARKET",2024-04-19,"ARA_316","BIBER ACI SUPER KG",1.21,4.43
"ƏRZAQ MAĞAZASI",2024-04-19,"ƏRZ_317","Erzaq",2,42.37
"OBA MARKET",2024-04-19,"OBA_318","MAREDO SAFIR FINDIQ SOKOLAD KG",1.44,7.95
"BAZARSTORE (ŞÜVƏLAN )",2024-04-19,"BAZ_319","BIJUTERYA 2,35 AZN",3,3.35
"ARAZ MARKET",2024-04-19,"ARA_320","SEKER TOZU IMISLI KQ",1.95,2.35
"QARADAG MARKET",2024-04-19,"QAR_321","BRAVO MULTIVITAMIN 1LT",2,2.8
"MEGASTORE BAKIXANOV",2024-04-19,"MEG_322","IZ BONUS",4,1.01
"BRAVO-BAKIXANOV",2024-04-19,"BRA_323","MIR KIY KOTLET 405QR",2,6.69
"KINGSMART SUPER MARKET",2024-04-19,"KIN_324","ELLINDO kiwi corabi",2,3.12
"ARAZ MARKET",2024-04-19,"ARA_325","BINE ZAVOD COREYI BOYUK",3,1.65
"RAHAT MARKET NEFTÇİLƏR 3",2024-04-19,"RAH_326","COREK ZAVOD NUR 650 QR",2,1.65
"MAGAZA",2024-04-19,"MAG_327","Alpen  Food maslo  82.5%  500gr",2,4.49
"OBA MARKET",2024-04-19,"OBA_328","BANAN KG",2.5,2.99
"OBA MARKET ŞAĞAN 3",2024-04-19,"OBA_329","MISTER QARA TUM 70 GR",2,1.59
"BRAVO BABƏK SUPERSTORE",2024-04-19,"BRA_330","COVDAR COREK 290.",2,1.71
"BRAVO ZAHID X?LILOV",2024-04-19,"BRA_331","SEKER TOZ 50KQ CEKI.",2.244,2.35
"OBA MARKET SARAY 9",2024-04-19,"OBA_332","BINE ZAVOD COREYI 650 GR",2,1.65
"ARAZ MARKET",2024-04-19,"ARA_333","XIYAR MELIT KG",1.75,3.41
"OBA MARKET",2024-04-19,"OBA_334","QELEM 3 D AZ",2,1.2
"OBA MAKET KÜRDƏMIR 10",2024-04-19,"OBA_335","BIZON ICKI 450 ML",2,2
"""""ARAZ"""" SUPERMARKET",2024-04-19,"""""A_336","DC DELTA ZAVOD COREYI 600 GR",2,1.65
"AL MARKET",2024-04-19,"AL _337","SF.BANAN KG",3.054,3.29
"ISTANBUL EVL?RI BRAVO",2024-04-19,"IST_338","SEBA QIZIL TEZE FILE",1.526,8.99
"GRANDMART",2024-04-19,"GRA_339","ENERGY BIZON 250 ML D.Q.",2,1.7
"OBA MARKET",2024-04-19,"OBA_340","GOLDEN CROWN KERE YAGI 82.8% 400 GR",2,6.9
"KOLBASA SEXI",2024-04-19,"KOL_341","Kolbasa",2,19.2
"ARAZ MARKET",2024-04-19,"ARA_342","PORTAGAL SUPER KG",3.46,2.59
"BAZARSTORE- M (LƏNKƏRAN-1 / NİZAMİ KÜÇ 12 )",2024-04-19,"BAZ_343","SUN YENI KOLLEKSIYA QU SALFET 30X30 SM",2,1.93
"ƏRZAQ MAĞAZASI",2024-04-19,"ƏRZ_344","CHAMPION PEKOE 100 GR (100) əd.",2,3.27
"BAZARSTORE-LƏNKƏRAN ( QALA )",2024-04-19,"BAZ_345","COLGATE DIS MECUNU SAFE WHITENING 75 ML",2,7.05
"BRAVO-RAHATLIQ",2024-04-19,"BRA_346","MILLA MIMI BA 100 QR",3,1.55
"SPORTS CAFE RESTORAN",2024-04-19,"SPO_347","Sərbəst satış",2,12.5
"MAĞAZA",2024-04-19,"MAĞ_348","CORAB ESEN BABET ERKEK",10,1.6
"BRAVO BABƏK SUPERSTORE",2024-04-19,"BRA_349","AURA PAMBIQ DISKLERI",3,2.99
"OBA MARKET NEFTÇIL?R 6",2024-04-19,"OBA_350","ALPEN GOLD SOKOLAD 90 GR (2 AG+1 SUDLU HEDIYYE)",2,4.15
"BIZIM MARKET",2024-04-19,"BIZ_351","AKVAFOR FİLTR A5 350",2,9.04
"BRAVO BAB?K SUPERSTORE",2024-04-19,"BRA_352","GUN BEZ LIGHT N. E40",2,7.15
"KİNGSMART SUPER MARKET",2024-04-19,"KİN_353","Mocuze Yag 250gr",2,2.19
"MAĞAZA",2024-04-19,"MAĞ_354","""""Ərzaq""""",2,7.8
"ARAZ MARKET",2024-04-19,"ARA_355","MACCOFFE ORIGINAL 3*1 DE 20GR",6,1.25
"MAGAZA",2024-04-19,"MAG_356","azad satis",2,401
"ARAZ MARKET",2024-04-19,"ARA_357","SPARK SALFET 24*24 SM 210 EDEDLI",2,2.09
"ARAZ MARKET",2024-04-19,"ARA_358","BLOOM SABUN QIRMIZI 3LU 90QR",2,2.74
"?RZAQ MAGAZASI",2024-04-19,"?RZ_359","N.BAYRAM SAM  əd.",2,1.4
"ARAZ MARKET",2024-04-19,"ARA_360","JACOBS 3IN1 CAPPUCCINO 18.7 GR",2,1.7
"KING SMART   SUPER MARKET",2024-04-19,"KIN_361","AHAKOM LAPSA QOVYAJIM VERMESIL 60GR",2,1.29
"ƏRZAQ MAĞAZASI",2024-04-19,"ƏRZ_362","TOYBOX BIG EGG OYUNCAKLI YMT 13_5GR_ed__",3,4.7
"BRAVO 28 MALL",2024-04-19,"BRA_363","QIRMIZI YARPAQ KELE.",1.388,3.89
"KİNG SMART   SUPER MARKET",2024-04-19,"KİN_364","SEKER TOZU kg",5.696,2.35
"SURAXANI (MAĞAZASI)",2024-04-19,"SUR_365","YEDOY SAC LAVASI",6,1.7
"MARKET",2024-04-19,"MAR_366","SIRAB QAZSIZ SU PET 5 LT",2,3.15
"HİPER ƏMİNƏ MARKET",2024-04-19,"HİP_367","MAESTRO SARIKOK SALAFON 50GR_Y™d__",2,2.03
"SPAR MARKET",2024-04-19,"SPA_368","CAPPY PULPY PORTAGAL PET 1L",2,3.19
"OBA MARKET",2024-04-19,"OBA_369","BIZON ICKI 450 ML",2,1.97
"BRAVO MARKET",2024-04-19,"BRA_370","PAPI NEM SALFET 120.",2,2.79
"APTEK 33",2024-04-19,"APT_371","STREPSILS BALLI+LIMON N24",1.5,6.58
"ZARA",2024-04-19,"ZAR_372","Ãst-geyimlÉri",2,50
"BRAVO BABƏK SUPERSTORE",2024-04-19,"BRA_373","SAV YQ 2% GIL 120QR.",3,1.45
"BALLI MARKET",2024-04-19,"BAL_374","M.KULYONKA ELEGANT 70/20 M əd.",2,5.5
"MAĞAZA",2024-04-19,"MAĞ_375","LIM. COCA COLA 1L PLAS",2,2.19
"LCW DREAM MAĞAZASI",2024-04-19,"LCW_376","CRPP,T-3 TRUELOVE",2,5.99
"OBA MARKET",2024-04-19,"OBA_377","TURK CHEF QABARTMA TOZU 10 GR",6,1.06
"OBA MARKET",2024-04-19,"OBA_378","YUMURTA SADE",21,1.13
"OBA MARKET",2024-04-19,"OBA_379","YAKOR ICE ARAQ 500 ML",2,9.7
"(BT-7) YASAMAL",2024-04-19,"(BT_380","Ərzaq və qeyri Ərzaq (Ed)",2,5.8
"QAYALI GOLD MARKET V? SUBICAR?",2024-04-19,"QAY_381","S.C Alcha Seyidi (Ceki) KQ",1.406,5.61
"MAĞAZA",2024-04-19,"MAĞ_382","Pall-Mall nano silwer",2,3.6
"ARAZ MARKET",2024-04-19,"ARA_383","DIROL ARBUZNAYA SVEJEST",2,1.49
"Pianer market",2024-04-19,"Pia_384","Yedoy Doner lavasi 10 ed",2,2.43
"ARAZ MARKET",2024-04-19,"ARA_385","VORONOK PAMADA SHOK. KG",1.16,7.88
"NGA KOROĞLU BRAVO",2024-04-19,"NGA_386","MOL STRA QAT SUD380G",3,4.99
"OBA MARKET",2024-04-19,"OBA_387","YASNO SOLNISHKA XLOPYA 325 GR",2,2.15
"?RZAQ MAGAZASI",2024-04-19,"?RZ_388","SEVIMLI DAD DOVGA 2.5% 0.9LT",2,3.14
"ARAZ MARKET",2024-04-19,"ARA_389","DENEB ALBALI LIMONAD SUSE 450ML",2,1.95
"BRAVO",2024-04-19,"BRA_390","NUR ZAVOD COREYI .",2,1.65
"MAGAZA",2024-04-19,"MAG_391","SEMICKA BELOCKA 80GR 7DAD",2,1.6
"MARKET",2024-04-19,"MAR_392","COREK COREKCI 400QR BATON KEPEKLI",2,1.8
"OBA MARKET",2024-04-19,"OBA_393","BINE ZAVOD COREYI 650 GR",2,1.65
"MARKET",2024-04-19,"MAR_394","QABYUYAN MAYE FAIRY 450ML PORTAGAL",2,1.99
"GRAND MARKET",2024-04-19,"GRA_395","MVT.GM XIYAR MELIT KG",2.03,4.5
"ARAZ MARKET",2024-04-19,"ARA_396","XLEBSPAS PECENYA POLEZNIY ZOVSYANKABAL 155 GR",2,2.9
"EKONOM MARKET",2024-04-19,"EKO_397","ZELLANDIYA 25KG 4772 kg",1.27,15.6
"TİCARƏT OBYEKTİ",2024-04-19,"TİC_398","ARIEL SADE TORBA 400GR AG",2,3.4
"ARAZ MARKET",2024-04-19,"ARA_399","BIZIM TARLA SOYULMUS.POMIDOR 680GR*12",2,2.78
"OBA MARKET",2024-04-19,"OBA_400","LILY AKSESUAR 1 AZN",2,2
"BAZARSTORE ( MIDA )",2024-04-19,"BAZ_401","NATURA BASE MULTIMEYVE SIRESI 1LT T/P",2,2.69
"OBA MARKET",2024-04-19,"OBA_402","KENT NANO 4 SIQARET",3,4.7
"APTEK",2024-04-19,"APT_403","Imodium 2 mq N 20 Kapsullar Janssen Cilag",5,1.41
"QƏDİROĞLU UĞUR MARKET",2024-04-19,"QƏD_404","M/T MANDARIN KG 12131",1.61,3.61
"ƏRZAQ MAĞAZASI",2024-04-19,"ƏRZ_405","GZ BUGDA UNU COREYI 300GR",2,1.6
"MAGAZA",2024-04-19,"MAG_406","YEDOY SAC LAVASI",2,1.7
"BAZARSTORE-LƏNKƏRAN ( QALA )",2024-04-19,"BAZ_407","GILAN ZAVOD COREYI 600 GR",2,1.65
"OBA MARKET AZADLIQ  2",2024-04-19,"OBA_408","SIRMA TEBII MINERALLI PORTAGALLI SU 250 ML",2,1.99
"APTEK",2024-04-19,"APT_409","Nemobil N 20 Sashe AD Medline saghlik urunleri SAN.TIC.LTD",7,2.34
"SEDA STORE",2024-04-19,"SED_410","Erzaq (Eded)",2,8.36
"ARAZ SUPERMARKET 6 MKR",2024-04-19,"ARA_411","SUN PAPER SALFET_29*30CM_90*40",2,1.89
"""""BRAVO"""" SUPERMARKETI (SABUNÇU D?MIRYOLLARI)",2024-04-19,"""""B_412","ORB WH NEJ MY 13.6G.",2,1.65
"SPAR MARKET",2024-04-19,"SPA_413","KAIJA SARDINA FILE TOMAT.170GR",2,5.09
"AL MARKET",2024-04-19,"AL _414","KENTON SEKERLI VANILYA 5LI POSET",2,1.4
"APTEK 363 (977)",2024-04-19,"APT_415","KALSIY GLUKONAT 10%25 10ml amp.N10",2,1.4
"BAZARSTORE ( MASAZIR)",2024-04-19,"BAZ_416","TEZE TOYUQ BUD BUTOV KG",2.052,4.89
"ƏRZAQ MAĞAZASI",2024-04-19,"ƏRZ_417","Erzaq",2,10.4
"AL MARKET",2024-04-19,"AL _418","CIKO KOVRULMUS TUZLU YER FISTIGI 40 GR",2,1.7
"GEYIM MAĞAZASI",2024-04-19,"GEY_419","Salvar google 080",4,6
"OBA MARKET",2024-04-19,"OBA_420","BAKI PAXLAVASI 400 GR",2,4.59
"ARAZ MARKET",2024-04-19,"ARA_421","ALMA PALMET KG",2.03,2.39
"İL Market",2024-04-19,"İL _422","KONF XAEKOV NİKOL/MIREL/BATONCIK C KAKAO  KQ кг",1.2,8.9
"KOSMOS MARKET",2024-04-19,"KOS_423","NUTELLA 350GR.",2,6.59
"OBA MARKET V? ICAR? OBYEKTI",2024-04-19,"OBA_424","MAYONEZ MOSKOVSKIY PROVANSAL DOMASNIY 55% 670 ML",2,4.29
"OBA MARKET",2024-04-19,"OBA_425","PASHABAHCE LV CILEK SEKERLIK 255 CC",2,2.99
"APTEK",2024-04-19,"APT_426","Kolqeyt Gentle Whitening Berejnoe otbelivanie89245 8262 50 ml Dish pastasi Teva Operation",2,2.5
"APTEK XAÇMAZ 10",2024-04-19,"APT_427","Derman (Ed)",2,9.7
"MAGAZA ICAR?",2024-04-19,"MAG_428","SOK TORTIMILKA",1.22,13
"MARKET",2024-04-19,"MAR_429","B.SUFRE MAYONEZ 891ML+FINAL QARGIDALI DENELERI 185GR",2,5.35
"BAZARSTORE ( HÖVSAN FİLİALI )",2024-04-19,"BAZ_430","AZERSUD XAMA 300 GR 25%",2,3.1
"""""BERSHKA"""" MAĞAZASI",2024-04-19,"""""B_431","Ãst-geyimlÉri",2,60
"AL MARKET",2024-04-19,"AL _432","SF.KOK KG",1.732,1.99
"AL MARKET",2024-04-19,"AL _433","GILEZI KEND YUMURTASI",31,1.14
"PƏRAKƏNDƏ TICARƏT",2024-04-19,"PƏR_434","azad satis",2,7.35
"ARAZ MARKET",2024-04-19,"ARA_435","PORTAGAL SUPER ENDIRIMLI",2.69,2.29
"ARAZ MARKET",2024-04-19,"ARA_436","VITAMIN ALBALI SOKU 0.2L",2,1.5
"AL MARKET",2024-04-19,"AL _437","MILLI DAD XENGEL 170 GR",2,1.8
"BRAVO 8TH KM",2024-04-19,"BRA_438","SNICKERS MINIS KQ.",1.142,16.21
"MAĞAZA",2024-04-19,"MAĞ_439","KONFELLA QOZLU KOKE 60GR",2,1.25
"APTEK 229",2024-04-19,"APT_440","ASPIRIN tab 0.5 N10",3,1.17
"AL MARKET",2024-04-19,"AL _441","KAVRULMUS FISTIK ICI KG",1.44,5.19
"BRAVO",2024-04-19,"BRA_442","NID MIXEK 10QR.",2,1.62
"KİNGSMART SUPER MARKET",2024-04-19,"KİN_443","ETI CICI BEBE 172 qr",2,2.58
"5+SUPER MARKET",2024-04-19,"5+S_444","YUMURTA HACIQABUL ED",7,1.15
"LEYLA MEDICAL CENTER",2024-04-19,"LEY_445","Bilirubin (DÃ¼z)",2,7
"BAZARSTORE ( XƏZƏR-QARAÇUXUR )",2024-04-19,"BAZ_446","DANKEK 8 KEK KAKAO FINDIQLI 52GR",2,1.4
"""""ESMANUR"""" MARKET",2024-04-19,"""""E_447","XRUS TEAM XXL 130GR SMETAN шт",2,2.1
"AL MARKET",2024-04-19,"AL _448","ULKER PUDING ICIM BANANLI 60 GR",4,1.39
"AL MARKET",2024-04-19,"AL _449","ULKER COKOKREM 100 GR",2,1.99
"BAZARSTORE MMC",2024-04-19,"BAZ_450","SOGAN YERLI KG",2.72,1.55
"GRANDMART NƏRIMANOV",2024-04-19,"GRA_451","ACE NORMAL 1 L",2,2.95
"APTEK",2024-04-19,"APT_452","Dets. pitanie Xipp3 orqanik Bio Suxaya molochnaya smes  s 10-ti  mes.2087 300 qr Ushaq yemeyi <>",3,16.3
"MAGAZA",2024-04-19,"MAG_453","CANPA KESNISLI NOGUL KG",1.572,4.79
"SPAR",2024-04-19,"SPA_454","GILEZI AG YUMURTA IRI",16,1.13
"AL MARKET",2024-04-19,"AL _455","BIZIM TARLA YASIL NOXUD 680 GR",2,4.57
"BAZARSTORE-M( XIRDALAN ŞƏH. AAAF-PARK )",2024-04-19,"BAZ_456","GULUM QOVRULMUS FISTIQ KG",1.37,5
"AL MARKET",2024-04-19,"AL _457","PANASONIC PIL D 2LI",2,3.99
"ARAZ MARKET",2024-04-19,"ARA_458","BLOOM KISI CORABI E02 TR",2,1.89
"?RZAQ MAGAZASI",2024-04-19,"?RZ_459","HEYVA KG",1.22,2
"OBA MARKET BIN? 30",2024-04-19,"OBA_460","SHIRIN TIKE FARSH DONMUSH KG",1.33,10.88
"QƏDİROĞLU MARKET",2024-04-19,"QƏD_461","GLADE MARSKOY OSVIJITEL 300 ML",2,4.7
"MAGAZA",2024-04-19,"MAG_462","ASSORTI LOKUM KG",1.702,5.99
"MAGAZA",2024-04-19,"MAG_463","ARIEL YUYUCU TOZ LS BELAYA ROZA 5 KG",2,17.36
"ARAZ MARKET",2024-04-19,"ARA_464","OZMO POPSY SUTLU CIKOLATA DRAJE 27 GR",2,1.69
"MAĞAZA",2024-04-19,"MAĞ_465","KENT VANIL 5QR",11,1.09
"ARAZ MARKET",2024-04-19,"ARA_466","GILEZI KEND YUMURTA IRI",16,1.14
"ARAZ MARKET",2024-04-19,"ARA_467","NESTLE KIT-KAT SUDLU SHOK. KG",1.1,12.2
"OBA MARKET",2024-04-19,"OBA_468","BINE ZAVOD COREYI 650 GR",2,1.65
"APTEK OPTİKA",2024-04-19,"APT_469","OT ALTEY GULXETMI (KOK) 50GR AZER",2,2.3
"ARAZ MARKET",2024-04-19,"ARA_470","ZAVARNOY ULDUZ PRYANIK SHOKOLADLI 400 GR",2,3.39
"MAGAZA",2024-04-19,"MAG_471","Q.S. FAIRY ALMA 1L 8869",2,5.35
"EMİL-MARKET",2024-04-19,"EMİ_472","erzaq",2,13.3
"OBA MARKET",2024-04-19,"OBA_473","LIMON KG",1.76,2.38
"""""BİZİM MARKET"""" MMC",2024-04-19,"""""B_474","CERK SOS MOLOC 250QR",2,6.29
"SPAR MARKET",2024-04-19,"SPA_475","KAZBEGI DUSHES LIMONAD 0.5L SUSE",2,2.55
"ARAZ MARKET",2024-04-19,"ARA_476","OZMO OGOPOGO 34 GR",2,1.4
"ARAZ SUPERMARKET SAHIL QƏSƏBƏSI",2024-04-19,"ARA_477","DOKTOR MILK XAMA 25% 200 QR  1x12",2,2.81
"""""BİZİM MARKET"""" MMC",2024-04-19,"""""B_478","PAPİ NƏM SALFET 120",2,3.59
"ARAZ MARKET",2024-04-19,"ARA_479","IYDE KQ",1.31,6.42
"BRAVO-ŞƏRIFZADƏ CENTER",2024-04-19,"BRA_480","COCA-COLA KLAS 0.3L.",2,1.6
"""""OBA"""" MAĞAZASI VƏ SUBİCARƏ",2024-04-19,"""""O_481","SHEKER TOZU KG",2.28,2.3
"UCUZ MARKET",2024-04-19,"UCU_482","mehsul",2,13
"BAZARSTORE MMC",2024-04-19,"BAZ_483","VITA1000 ALMA QIRMIZI SIRESI 1LT T/P",2,2.8
"MAĞAZA",2024-04-19,"MAĞ_484","HICAZ TOYUQ FILESI QABDA KG",1.468,10
"MARKET",2024-04-19,"MAR_485","NH. GEZER TERLIK 12689.00 QADIN QIS",2,4.99
"ARAZ MARKET",2024-04-19,"ARA_486","WINSTON XS SILVER",2,4.5
"APTEK",2024-04-19,"APT_487","Spirt medichinskiy  95 100ml plastmassa Starlink Mehlul Starlink",2,1.6
"PROMART.AGCAB?DI.MEGASTORE",2024-04-19,"PRO_488","GY.GM GOYERTI EDED.",5,1.2
"BRAVO - OAZIS",2024-04-19,"BRA_489","SIYEZEN TOYUQ QANAD.",3.023,4.89
"ARAZ MARKET",2024-04-19,"ARA_490","B.SUFRE KETCUP ACILI 200GR DPK",2,2.02
"BOLLUQ MARKET MAGAZASI",2024-04-19,"BOL_491","SIRNIYYAT 30 QEPIK",3,1.3
"MAGAZA",2024-04-19,"MAG_492","Doyarushka yag 200 gr",2,5.1
"MAĞAZA",2024-04-19,"MAĞ_493","DIROL MIX XXL FRUKTI",2,1.6
"AL MARKET",2024-04-19,"AL _494","FINAL TOMAT PASTASI 720 GR",2,3.94
"RAHAT MARKET METROPARK MAĞAZASI",2024-04-19,"RAH_495","TIBBI MASKA",2,1.2
"AL MARKET",2024-04-19,"AL _496","VOLOJKA OVSYANOE XLOPYA 450GR",2,2.4
"MAĞAZA",2024-04-19,"MAĞ_497","Sərbəst satış",2,17
"""""VEQAS"""" MARKET",2024-04-19,"""""V_498","ZALAM BALIQ DUZLU (CEKI)",1.58,7.48
"""""BAZARSTORE""""  ?RZAQ MAGAZASI",2024-04-19,"""""B_499","DANONE KESMIK MORUQ 170 GR",2,2.6
"BAZARSTORE ( MING?ÇEVIR 2 )",2024-04-19,"BAZ_500","TEZE TOYUQ BUD DIBI KG",2.352,4.99
"ARAZ MARKET",2024-04-19,"ARA_501","SEKER TOZU IMISLI KQ",3.05,2.25
"MAGAZA",2024-04-19,"MAG_502","SEMENI",2,2
"AL MARKET",2024-04-19,"AL _503","SEKER TOZU KG",7.002,2.31
"PREMİUM GUNASHLİ",2024-04-19,"PRE_504","MAKARON ANKARA VIT 500GR SPAGHETTI",2,2.45
"BRAVO - YENI GUNASHLI",2024-04-19,"BRA_505","NOVA GOUDA PEND 1KQ.",1.328,13.99
"ARAZ MARKET",2024-04-19,"ARA_506","ROSHEN LOVITA- ESMERALDA CHOCO BISKV.150GR",2,2.65
"F?T?LI XAN XOYSKI BRAVO",2024-04-19,"F?T_507","BONAQUA Q-SIZ 1L.",2,1.59
"BRAVO-HİPER-TİFLİS PRO",2024-04-19,"BRA_508","NID SIRIN BIBER 15Q.",2,1.31
"ARAZ MARKET",2024-04-19,"ARA_509","BISCOLATA STICKS COCONUT 32GR",2,2
"BRAVO-HİPER-TİFLİS PRO",2024-04-19,"BRA_510","N1 BORODI COREK 400.",2,1.85
"GRAND-MART QOBU PARK 1",2024-04-19,"GRA_511","LIMONAD GULUSTAN 2 L DUSHES",2,2.25
"QAYALI GOLD MARKET VƏ SUBİCARƏ",2024-04-19,"QAY_512","AVR Atena Pendir Ismayili (ceki)Kq",1.684,8.4
"ANBAR",2024-04-19,"ANB_513","Əl kremi",2,2.93
"MAGAZA",2024-04-19,"MAG_514","METRO AG 10 30",4.06,23
"MARKET NEAPOL",2024-04-19,"MAR_515","PIVE EFES DRAFT 0,5 L FICI B.",2,3.75
"BAZARSTORE ( INQLAB FILIALI )",2024-04-19,"BAZ_516","TENDIR COREYI ADI 2",2,1.65
"MARKET",2024-04-19,"MAR_517","COREK ZAVOD BAKIXANOV BOYUK",2,1.65
"ARAZ MARKET",2024-04-19,"ARA_518","SARO EARL GREY CAY 100 GR",2,3.4
"AL MARKET",2024-04-19,"AL _519","HALAL NEMET HEVESKAR/PEHRIZ KOLBASA KG",1.206,10.19
"LİFE STORE MARKET",2024-04-19,"LİF_520","SAM RENGLI 6 LI",2,1.9
"MARKET NEAPOL",2024-04-19,"MAR_521","MAKARON DOYMAK 500 QR SPAGETTI",2,1.95
"MAĞAZA",2024-04-19,"MAĞ_522","YASHKINO SHOK QLEYS 500GR*10 QAYMAQLI-BK275",5,3.18
"MARKET",2024-04-19,"MAR_523","MVT.GM GOBELEK PACHKA EDED",2,4.5
"?N UCUZ TICAR?T M?RK?ZI",2024-04-19,"?N _524","SIQARET VINCHESTER KSSS SILVER",2,3.6
"MARKET VƏ İCARƏ",2024-04-19,"MAR_525","BEXSIS KELLE QEND KQ",2.27,3.2
"ƏRZAQ MAĞAZASI-İCARƏ",2024-04-19,"ƏRZ_526","Eti Burcak Limonlu Cizkeyk 100 GR ed",2,1.9
"MAĞAZA",2024-04-19,"MAĞ_527","Qayçı A-5380 20.5sm",2,2.6
"NİHAT MARKET",2024-04-19,"NİH_528","COREK BINE",4,1.65
"KİNGSMART SUPER MARKET",2024-04-19,"KİN_529","MT. AG TURP kg",1.306,1.75
"OBA MARKET",2024-04-19,"OBA_530","BABUSKINA SPORT PEC.500 GR",2,2.05
"BRAVO-HİPER-TİFLİS PRO",2024-04-19,"BRA_531","BURENKA UL.ET. KARAM",1.238,7.34
"ƏRZAQ MAĞAZASI",2024-04-19,"ƏRZ_532","SONTI SAFTALI NEKTARI 200 GR 1X27",2,1.46
"BAZARSTORE-M( XUTOR) MAGAZASI",2024-04-19,"BAZ_533","KOK TR KG",3.816,1.89
"APTEK ŞAMAXI 5",2024-04-19,"APT_534","Spirt medicinskiy 95 (steklo) 100 ml (Rastvor) (Azerfarm MMC) (Azerbaydjan)",2,1.7
"AL MARKET",2024-04-19,"AL _535","FANTA 1.5 LT",2,2.5
"MARKET",2024-04-19,"MAR_536","NH. SAM NOVRUZ BAYRAMI",2,1.3
"OBA MARKET",2024-04-19,"OBA_537","YUMURTA SADE",5,1.13
"NGA KOROĞLU BRAVO",2024-04-19,"NGA_538","",2,4
"GRANDMART PARK PLUS",2024-04-19,"GRA_539","TEBII SUD 1 LT",3,2.49
"AL MARKET",2024-04-19,"AL _540","CAKMAK CNF062",2,1.85
"BRAVO XIRDALAN",2024-04-19,"BRA_541","L.CER XUR QAB 250QR",2,3.79
"BRAVO-S?RIFZAD? CENTER",2024-04-19,"BRA_542","BISMAK UN 2KQ",2,3.69
"OBA MARKET ŞIRVAN 18",2024-04-19,"OBA_543","COCA-COLA 2.5LT",2,3
"ARAZ MARKET",2024-04-19,"ARA_544","LEZIZ CEREZ SINCAB TURK 4,5KQ",1.46,12.89
"OBA MARKET AGDAM 7",2024-04-19,"OBA_545","MAREDO SWOY SOKOLAD KG",1.34,6.03
"OBA MARKET NEFÇALA 5",2024-04-19,"OBA_546","ETI BALIK KRAKER 45 GR",2,1.5
"MEDİKA HOSPİTAL",2024-04-19,"MED_547","QANIN ?MUM? ANAL?Z? (B?y?kl?r)",2,13
"VİP MARKET",2024-04-19,"VİP_548","Demo Demo SANA YAG 250 GR PAKET (əd.)",10,2.11
"OBA MARKET",2024-04-19,"OBA_549","FANTA EXOTIC 1 LT",2,2.09
"ARAZ MARKET",2024-04-19,"ARA_550","FANTA PORTAGAL PET 2.5LT",2,2.99
"MAĞAZA",2024-04-19,"MAĞ_551","BIZON VITAMINLESDIRICI ICKI BANKA 0,45 LT",2,2
"ƏRZAQ MAĞAZASI VƏ SUB-İCARƏ OBYEKTİ",2024-04-19,"ƏRZ_552","BINE ZAVOD COREYI BOYUK",2,1.65
"AL MARKET",2024-04-19,"AL _553","FANAT SUXARI KABABLI 27 QR",4,1.25
"""""SKY-100 (3)""""",2024-04-19,"""""S_554","Haqes 3 N21 (oğlan)",2,7.8
"RAHAT MÜSFIQABAD 2",2024-04-19,"RAH_555","PIVE XIRDALAN 2LT 4,8%",2,7.49
"QƏDİROĞLU MARKET",2024-04-19,"QƏD_556","UZ ALAN SPIRAL ST-103",2,2.7
"?RZAQ MAGAZASI",2024-04-19,"?RZ_557","ALPENLAND YOGURT ALBALI 95GR",5,1.5
"ARAZ MARKET",2024-04-19,"ARA_558","KDV KONFET YARCE ARAXIS KG",1.53,6.87
"OBA MARKET NEFÇALA 10",2024-04-19,"OBA_559","MAGNA COMPACT BLUE SIQARET",2,3.1
"AL MARKET MMC",2024-04-19,"AL _560","YASKINO BISKVIT YUMRU SOKOLAD 90 GR",2,1.85
"OBA MARKET",2024-04-19,"OBA_561","SHOKOLATE TUND QLAZURLU MULTIZLAK KONFETI KG",1.08,10.63
"BAZARSTORE-M ( S?MKIR-2 )",2024-04-19,"BAZ_562","ILGIM HIL UYUDULMUS 10 GR",2,3.65
"OBA MARKET BINƏ 26",2024-04-19,"OBA_563","BINE ZAVOD COREYI 650 GR",2,1.65
"BRAVO PARK BAYIL",2024-04-19,"BRA_564","CHU KOKT SHOK 200QR.",2,1.94
"APTEK (NEFTCHILER-1)",2024-04-19,"APT_565","oksitochin 5 ME 1 ml N 5 Ampuli Gedeon Rixter",3,1.46
"MAĞAZA İCARƏ",2024-04-19,"MAĞ_566","DOVGA SEVIMLI DAD 2,5% 220 ML",3,1.47
"P?RAK?ND? TICAR?T",2024-04-19,"P?R_567","LAMPA LUSTUR E-",5,1.35
"ARAZ MARKET",2024-04-19,"ARA_568","BLOOM MASIN ETRI SPREY LAVANDA 350ML",2,2.85
"MAĞAZA",2024-04-19,"MAĞ_569","Qoz  Baha kg",1.976,15.85
"ARMO STORE  SUPERMARKET",2024-04-19,"ARM_570","PEC OREO S KAKAO I KREMLOVIY 41QR",2,1.93
"APTEK",2024-04-19,"APT_571","MASTOVITEX KREM 50ML USA",2,29.6
"AL MARKET",2024-04-19,"AL _572","QOZ LEPESI 70% KG",2,14.79
"OBA MAĞAZASI",2024-04-19,"OBA_573","MONTE LEMO ORION CHOCO PIE 360GR 8*12",2,4.59
"MAĞAZA",2024-04-19,"MAĞ_574","ROSHEN COFFEE LIKE  VES.",1.264,7.89
"ƏRZAQ MAĞASASI",2024-04-19,"ƏRZ_575","Erzaq Mallari",2,3.55
"APTEK",2024-04-19,"APT_576","Parachetamol 0,5 qr N 20 Hebler Sopharma ",2,1.85
"RESTORAN",2024-04-19,"RES_577","CHEDDAR DABL BURGER 9""""",2,8.93
"APTEK",2024-04-19,"APT_578","Sərbəst satış",2,11.8
"OBA MARKET AĞCABƏDI 19",2024-04-19,"OBA_579","KIRLANGIC MISIR YAGI 1 LT",2,5.49
"AL MARKET",2024-04-19,"AL _580","OREO 95 GR (1+1-50%)  ",2,2.95
"OBA MARKET B?RD? 12",2024-04-19,"OBA_581","ORBIT WATERMELON 444099-39761",2,1.6
"BRAVO-ŞƏRIFZADƏ CENTER",2024-04-19,"BRA_582","BIZ AILE GUN TUM 120",3,2.05
"ƏRZAQ MAĞAZASI",2024-04-19,"ƏRZ_583","KOMPOT BOSTAN FEYXOA 1L",2,2.37
"MEGASTORE BAKIXANOV",2024-04-19,"MEG_584","BA. MERCI YASIL KQ",1.42,4.2
"QAYALI MARKET",2024-04-19,"QAY_585","Summer Salfetka Yay Yumsaqligi (4857) 21",2,2.05
"NURSEL TICARƏT",2024-04-19,"NUR_586","COREK NUR 65 QEPIK",2,1.65
"MEGASTORE BAKIXANOV",2024-04-19,"MEG_587","ENERGY RED BULL 250ML 2602",2,4.3
"ƏN UCUZ TİCARƏT MƏRKƏZİ",2024-04-19,"ƏN _588","SOGAN",1.73,1.49
"OBA MARKET",2024-04-19,"OBA_589","PERINA LAVANDER TUALET KAGIZI 3 QAT 4 EDEDLI",3,2.75
"APTEK",2024-04-19,"APT_590","ZEFERAN BONUS KART",2,1
"OBA MARKET",2024-04-19,"OBA_591","ANA-BALA ERIDILMISH SPRED YAG 910 GR",2,6.63
"ARAZ MARKET",2024-04-19,"ARA_592","PORTAGAL SUPER KG",1.64,2.69
"SPAR MARKET",2024-04-19,"SPA_593","ETI CIKOLATALI GOFRET 36X34GR ETI",2,1.5
"KİNG SMART   SUPER MARKET",2024-04-19,"KİN_594","Pikolo mieszko,krem,mint kg",1.162,9.8
"""""ARAZ"""" MARKET",2024-04-19,"""""A_595","MAGNA WHITE CARBON",2,3.1
"ARAZ SUPERMARKET C.XƏNDAN",2024-04-19,"ARA_596","LAYS CIPSI PENDIRLI RUS 150GR*18",2,3.59
"ARAZ MARKET",2024-04-19,"ARA_597","ALISA AMELON SHOK. KG",1.29,8.03
"""""BAZARSTORE""""  ?RZAQ MAGAZASI",2024-04-19,"""""B_598","SARIKOK ILGIM 50 GR",2,2.05
"OBA MARKET ŞİRVAN 15",2024-04-19,"OBA_599","KARTOF KG",3.83,2.09
"APTEK",2024-04-19,"APT_600","Refkon double action 200 ml SHerbet Vefa Ilac Sanayi ve Ticaret Ltd Sti",2,8.66
"MAGAZA",2024-04-19,"MAG_601","TIBBI MASKA",2,1.2
"QARISIQ MALLAR MAGAZASI",2024-04-19,"QAR_602","SECME KELLE QEND PAKET 12*700 GR",2,2.79
"QAYALI GOLD MARKET V? SUBICAR?",2024-04-19,"QAY_603","Erzaq (Ed)",2,3.12
"AL MARKET",2024-04-19,"AL _604","WEST SILVER",2,3.4
"QƏDİROĞLU UĞUR MARKET",2024-04-19,"QƏD_605","VANIL KENT 5 QR",2,1.09
"ARAZ MARKET",2024-04-19,"ARA_606","WINSTON XSTYLE DUAL  SIQARET",2,4.5
"APTEK",2024-04-19,"APT_607","Dimedrol 1  1 ml N 10 Ampula Jurabek",3,1.09
"ARAZ SUPERMARKET C.XƏNDAN",2024-04-19,"ARA_608","SUN QU C.DESMAL_10*24_RU",2,1.19
"OBA MARKET",2024-04-19,"OBA_609","RF PLITKA MOLOCNAYA S ARAXISOM 80 QR",10,1.75
"ARAZ MARKET",2024-04-19,"ARA_610","TAC NOXUD 13MM 700 QR",2,5.25
"SPAR",2024-04-19,"SPA_611","GILEZI KEND YUMURTA IRI",9,1.14
"ARAZ MARKET",2024-04-19,"ARA_612","ROMASHKA XAMA 25% 350GR",2,4.21
"OBA MARKET",2024-04-19,"OBA_613","DORNICE COCOA WITH MILKY CREAM 40 GR",2,1.39
"BRAVO - OAZIS",2024-04-19,"BRA_614","ORGANIK ALFA0.7L.",2,11.49
"ARAZ MARKET",2024-04-19,"ARA_615","ALISA BORUCUQ QABDA KG",1.5,8.92
"AL MARKET",2024-04-19,"AL _616","KALINKA BITKI YAG SPREDI 82% 200 GR",2,2.47
"OBA MARKET",2024-04-19,"OBA_617","SOL YODLU DUZ UKRAYNA 1 KG",2,1.55
"AZ08 MAGAZASI",2024-04-19,"AZ0_618","UK.TSH,THOR-A",2,18.99
"AL MARKET",2024-04-19,"AL _619","COOLFRESH SAKIZ 3.8GR",5,1.05
"MAĞAZA",2024-04-19,"MAĞ_620","NES 800GR PRYANIK",2,3.2
"BRAVO X?QANI 21",2024-04-19,"BRA_621","AXE DEO PECENYE 150",2,6.15
"AL MARKET",2024-04-19,"AL _622","SUN YENI KOLLEKSIYA SALFET 30X30SM DEKOR",2,2
"ARAZ MARKET",2024-04-19,"ARA_623","ROSHEN KONAFETTO NERO KREMFINDIQ SHOK. KG",1.53,10.62
"KOSMOS MARKET",2024-04-19,"KOS_624","SOBRANIE CASTER",2,4.9
"MARKET",2024-04-19,"MAR_625","SHAMPUN ELIDOR 650ML ESMER PARLAKLIK",2,6.55
"""""S?lim"""" market",2024-04-19,"""""S_626","GILETTE ULGUC 3 DD",2,5.22
"MAGAZA",2024-04-19,"MAG_627","UN FAVELLI 1KQ",2,2.15
"ARAZ",2024-04-19,"ARA_628","SKITTLES FRUKTI 38GR",2,1.79
"ARAZ MARKET",2024-04-19,"ARA_629","SH QAPAQ ACAN TAXTA QULP",2,1.99
"OBA MARKET",2024-04-19,"OBA_630","NAZARI ENENEVI SUPER KEK ( 1001 ) 70 GR",5,1.3
"OBA MARKET",2024-04-19,"OBA_631","KLAR AGARDICI LIMON 1 LT",2,1.69
"AL MARKET",2024-04-19,"AL _632","SIYEZEN TOYUQ DONMUS (GOY SALAFAN) KG",2,4.99
"MAGAZA",2024-04-19,"MAG_633","SAFRAN QATILASHDIRILMISH SUD 370 GR",2,2.59
"RAHAT MARKET MAŞTAĞA",2024-04-19,"RAH_634","KARMEN UN KQ T",2.804,1.74
"NGA KOROĞLU BRAVO",2024-04-19,"NGA_635","APPLE FUJI KG.",2.38,2.79
"OBA MARKET YEVLAX 5",2024-04-19,"OBA_636","POMIDOR SALXIM KG",1.56,4.41
"SPAR MARKET",2024-04-19,"SPA_637","KIVI SUPER KQ",1.42,3.38
"BAZARSTORE ( SABIRABAD)",2024-04-19,"BAZ_638","MOSKOVSKIY PROVANSAL MAYONEZ 850 ML SUSE",2,5.65
"OBA MARKET ŞAĞAN",2024-04-19,"OBA_639","BINE ZAVOD COREYI 650 GR",2,1.65
"MAGAZA",2024-04-19,"MAG_640","RUSSKIY BISKVIT MINI RULET SOKOLAD 175 GR",2,2.29
"""""OBA"""" MARKET",2024-04-19,"""""O_641","BINE ZAVOD COREYI 650 GR",2,1.65
"BRAVO - OAZIS",2024-04-19,"BRA_642","BIBERIYYE TURSUSU BA",1.04,9
"ARAZ MARKET",2024-04-19,"ARA_643","AQUAFRESH DM ALL IN ONE WHITENING 100 ML",2,4.1
"UKRAYNA MƏHSULLARI MAĞAZASI",2024-04-19,"UKR_644","Demo Demo CIKORIY RASTVORIMIY 75 GR (əd.)",2,3
"GRAND MARKET",2024-04-19,"GRA_645","PEPSI 1 L TWIST",2,2.19
"APTEK",2024-04-19,"APT_646","Festal N 10 Hebler Sanofi",2,2.58
"OBA MAĞAZASI VƏ SUBİCARƏ",2024-04-19,"OBA_647","ROSHEN KOROVKA KQ",1.67,6.51
"KİNG SMART   SUPER MARKET",2024-04-19,"KİN_648","MT. Banan  kg",2.286,3.75
"AL MARKET",2024-04-19,"AL _649","KAVRULMUS KABUKLU FISTIK KG",1.33,4.79
"ARAZ MARKET",2024-04-19,"ARA_650","JAKO KONFET FIQUR. BOCHONOK MINI KG",1.05,15
"MAĞAZA",2024-04-19,"MAĞ_651","Zeytun yashil tumsuz Celeste 300 gr demir Avrora",2,3.38
"BRAVO - ZEFIR MALL",2024-04-19,"BRA_652","NESTLE GILEM 23.5QR.",2,1.69
"OBA MARKET GƏNCƏ 44",2024-04-19,"OBA_653","SLADIAL FORMEL DE CARAMEL ARAXISLI VAFLI KG",1.11,7.18
"BRAVO-MASAZIR",2024-04-19,"BRA_654","PEPSI COLA PL 1 LT.",2,2.19
"ARAZ MARKET",2024-04-19,"ARA_655","EHRMANN SMETANOVNA XAMA 20% 375GR",2,4.63
"OBA MARKET",2024-04-19,"OBA_656","MAREDO LAWN PORTAGAL SOKOLAD KG",1.24,11.29
"VILLEROY BOCH",2024-04-19,"VIL_657","BASKET GRACE",2,41.5
"AL MARKET",2024-04-19,"AL _658","MOCUZE KERE LEZZETLI BITKI YAGI 250 GR",3,2.19
"OBA MAĞAZASI",2024-04-19,"OBA_659","ANKARA QARGIDALI (POPCORN) 800 GR",2,3.19
"""""ARAZ"""" SUPERMARKET",2024-04-19,"""""A_660","ULDUZ TOP NUT BADAM DRAJE KG",1.3,20.77
"ARAZ MARKET",2024-04-19,"ARA_661","BELORE CHOCO NIGHT SOK.KG",1.08,9.38
"MARKET FR2",2024-04-19,"MAR_662","SHOR CPL LAVANDA 400QR",2,3.99
"ƏRZAQ MAĞAZASI",2024-04-19,"ƏRZ_663","MOCUZE YAGI 250 GR (48) əd.",2,2.05
"GRAND-MART MİKROMARKET 2",2024-04-19,"GRA_664","KAKAO ULKER 50QR",2,2.15
"MAĞAZA",2024-04-19,"MAĞ_665","Qat.ÅÉkÉrli SÃ¼d 400 qr-QOST",2,5.08
"ARAZ MARKET",2024-04-19,"ARA_666","KINDER COUNTRY 23.5GR",2,2
"LİFE STORE MARKET",2024-04-19,"LİF_667","ALPEN GOLG 85 GR DVA SOKOLADA",2,2.38
"KİNG SMART   SUPER MARKET",2024-04-19,"KİN_668","Sana Yag 250gr",2,2.18
"AL MARKET",2024-04-19,"AL _669","NATURA BASE ALBALI SIRESI 1LT T/P",2,2.39
"OBA MARKET ZIR? 4",2024-04-19,"OBA_670","ALMA QIRMIZI KG",3.85,2.69
"ARAZ MARKET",2024-04-19,"ARA_671","SOGAN TEZE KG",2.72,1.55
"GRAND-MART QOBU PARK 2",2024-04-19,"GRA_672","SOK CAPPY 200 ML MULTIMEYVE P.",2,1.5
"AL MARKET",2024-04-19,"AL _673","BINE ZAVOD COREK 650 GR",3,1.65
"AL MARKET",2024-04-19,"AL _674","UMELAYA XOZYAYKA NOGUL ASSORTI 400 QR",2,2.05
"APTEK",2024-04-19,"APT_675","Sərbəst ticarət - ƏDV 18%",2,2.3
"BRAVO-HIPER-TIFLIS PRO",2024-04-19,"BRA_676","GOYERTI.",6,1.15
"OBA MARKET",2024-04-19,"OBA_677","LD CLUB KSSS PLATINUM SIQARET",2,4.1
"AL MARKET",2024-04-19,"AL _678","MAKARON QELEM KG",1.514,2.1
"Q?DIROGLU Q?L?B? MARKET",2024-04-19,"Q?D_679","LAYS PAPRIKA 155QR",2,3.6
"ARAZ MARKET",2024-04-19,"ARA_680","RAFFAELLO 150GR",2,6.39
"MAGAZA",2024-04-19,"MAG_681","KRESTYANSKOE BITKI YAG SPREDI YAG 4.5 KG",2,20.92
"RAHAT MARKET XIRDALAN 3 (MONO)",2024-04-19,"RAH_682","SUMAX BAGDAD 80 QR",2,3.75
"""""BİZİM MARKET""""",2024-04-19,"""""B_683","LAYS CİPS 150QR DUZL",2,3
"BİZİM MARKET",2024-04-19,"BİZ_684","R/F KAR MECTA 250QR",2,2.75
"ARAZ MARKET",2024-04-19,"ARA_685","YG ZEFERAN 8GR",2,1.69
"ARAZ MARKET",2024-04-19,"ARA_686","FULL VITAMINLESDIRICI  ICKI BLUE 250 ML",2,1.49
"?RZAQ MAGAZASI",2024-04-19,"?RZ_687","BIZIM TARLA YASIL NOXUD 680GR SUSE 23138018",2,4.57
"topdan market",2024-04-19,"top_688","MARMELAD JASMINE AILE KG",1.41,4.78
"BRAVO BABƏK",2024-04-19,"BRA_689","BARNI BANAN KEKS 30Q",3,1.65
"SPAR MARKET",2024-04-19,"SPA_690","BLOOM SALFET 24*24 SM 240 EDEDLI  (DE))",2,2.19
"PƏRAKƏNDƏ TICARƏT",2024-04-19,"PƏR_691","LEBLEBI (2218)",1.225,7.84
"BRAVO MARKET",2024-04-19,"BRA_692","B.SUFRE MYZ 55%800ML",2,4.79
"MAGAZA",2024-04-19,"MAG_693","QOZ LEPESI QEBELE",1.205,16.5
"OBA MARKET",2024-04-19,"OBA_694","TURK CHEF YASIL NOXUD SUSE 720 ML",2,3.69
"MAĞAZA",2024-04-19,"MAĞ_695","TEREVEZ KARTOF TURK KQ",5.33,2.2
"OBA MARKET",2024-04-19,"OBA_696","XO DEZODORANT MIX CASE 150 ML",2,3.49
"ARAZ MARKET",2024-04-19,"ARA_697","LEZIZ CEREZ KIVI KQ",1.18,14.89
"OBA MARKET",2024-04-19,"OBA_698","MILLA UHT SUD 1.5% 1 LT",2,3.25
"BRAVO MARKET",2024-04-19,"BRA_699","ROSHEN LOVITA 150QR.",2,2.65
"AL MARKET",2024-04-19,"AL _700","SF.BANAN KG",1.454,3.8
"BRAVO SUPERMARKET """"CHOCOLATE TOWER""""",2024-04-19,"BRA_701","YUJURAL MASKA KO KQ.",1.212,10.19
"P?RAK?ND? TICAR?T",2024-04-19,"P?R_702","ANKHOR NEW ZELL",4,17.9
"HIPER ?MIN? MARKET",2024-04-19,"HIP_703","APELSIN KG_kq__",1.89,2.8
"""""KFC""""  G?NCLIK MALL",2024-04-19,"""""K_704","Kartof Fri 120",2,2
"PƏRAKƏNDƏ TICARƏT",2024-04-19,"PƏR_705","BELQORODSKOE MO",2,4.1
"ARAZ SUPERMARKET NOVXANI (F)",2024-04-19,"ARA_706","OZMO HOPPO 40GR",2,2
"OBA MERKET",2024-04-19,"OBA_707","ANKARA MAKARON SPAGETTI 500 GR",2,2.45
"ARAZ MARKET",2024-04-19,"ARA_708","MAYONEZ MECTA XOZ. 700ML KLASSIK PAKET",2,4.99
"SEDA STORE",2024-04-19,"SED_709","SEDA.COREK RAMASHKA",2,1.6
"TİCARƏT OBYEKTİ",2024-04-19,"TİC_710","Sərbəst satış 18%",2,13.2
"MAĞAZA",2024-04-19,"MAĞ_711","BELOCKA GUNEBAXAN TUMU QARA 30 GR",2,1.2
"OBA MARKET",2024-04-19,"OBA_712","MAREDO SAFIR FINDIQ SOKOLAD KG",1.8,9.56
"MARKET",2024-04-19,"MAR_713","SU SIRAB 0,5 L QAZSIZ PL.0296",2,1.45
"MARKET GÜNƏŞLİ",2024-04-19,"MAR_714","AZCAKE HOT DOQ ED",3,1.8
"OBA MARKET",2024-04-19,"OBA_715","KOK KG",1.97,1.74
"ARAZ MARKET",2024-04-19,"ARA_716","ETI ADICTO CHOCOLATE SUTLU 17GR",2,1.4
"MAĞAZA",2024-04-19,"MAĞ_717","LASE ROMASHKA  SMETANA 25  20",3,3.17
"ARAZ MARKET",2024-04-19,"ARA_718","B.SUFRE KETCAP CLS 200GR DPK*40",2,2.02
"MARKET FR5",2024-04-19,"MAR_719","SABUN DOVE 100 QR BEAUTY CREAM BAR",2,2.69
"ƏRZAQ MAĞAZASI",2024-04-19,"ƏRZ_720","SUN BAKERY QOGAL SIRIN D/Q",7,1.65
"OBA MARKET",2024-04-19,"OBA_721","KENT BORINGER SEKERLI VANIL 5 LI PAKET 25 GR",2,1.4
"OBA MARKET QAZAX 13",2024-04-19,"OBA_722","SHONIZ MEYVELI KARAMEL KG",1.36,4.44
"OBA MARKET",2024-04-19,"OBA_723","ARFIX QAB SUNGERI TEKLI",2,1.3
"BRAVO-G?NCLIK",2024-04-19,"BRA_724","OLA GIGIYENIK BEZ KL",2,2.59
"ƏRZAQ MAĞAZASI",2024-04-19,"ƏRZ_725","Satış (Ed)",2,28.45
"OBA MARKET",2024-04-19,"OBA_726","FELLINI XIRDA QEND 25 KG",1.86,2.65
"MARKET",2024-04-19,"MAR_727","PECENYE BISMAK 500QR SPORT P.",2,2.59
"OBA MARKET NEFÇELA  1",2024-04-19,"OBA_728","LIMON KG",1.41,2.98
"ARAZ SUPERMARKET SAHIL Q?S?B?SI",2024-04-19,"ARA_729","ETI KRAX CHEESE 45GR",2,1.5
"MAĞAZA",2024-04-19,"MAĞ_730","Master semecki 350 qr",2,2.52
"NGA KOROĞLU BRAVO",2024-04-19,"NGA_731","AKKON DOBRY MINI KQ.",1.292,14.42
"BRAVO - SHAMKIR",2024-04-19,"BRA_732","SNICKERS SUPER 80GR.",5,2.48
"APTEK BALAKƏN 17",2024-04-19,"APT_733","Dimedrol 1 1 ml № 10 (Ampuli) (Arterium Kievmed QalicFarm) (Ukraina)",1.1,2
"?RZAQ MAGAZASI",2024-04-19,"?RZ_734","Erzaq",2,6.9
"ARAZ MARKET",2024-04-19,"ARA_735","SIRAB QAZSIZ SU PET 1.5 LT",2,1.85
"OBA MARKET",2024-04-19,"OBA_736","NESCAFE 3IN1 MYAKKIY LENT 2  NESTLE 14.5 GR",2,1.25
"OBA MARKET B?RD? 17",2024-04-19,"OBA_737","BIZIM TARLA XIYAR TURSHUSU 670 GR",2,3.52
"QARADAĞ MARKET",2024-04-19,"QAR_738","OVCULAR PREMIUM SERVALAT KG",1.585,13.3
"OBA MARKET IMISLI 5",2024-04-19,"OBA_739","ROSHEN JELLY KG",1.46,6.52
"BİZİM MARKET",2024-04-19,"BİZ_740","HONEY TWİN KÖKƏ 70QR",3,1.29
"X?TAI-1 MARKET",2024-04-19,"X?T_741","Qara ?ay Lipton 100 Paket",2,8.96
"ARAZ MARKET",2024-04-19,"ARA_742","POMIDOR ZIRE EKONOM KG",1.37,3.81
"TİCARƏT OBYEKTİ",2024-04-19,"TİC_743","Mashin etri nissan Y d",2,1.45
"AL MARKET",2024-04-19,"AL _744","SERFELI GUNEBAXAN YAGI 2 L",2,7.79
"BRAVO",2024-04-19,"BRA_745","SAVUS YOG STR 120QR",6,1.45
"AL MARKET",2024-04-19,"AL _746","SUN YENI KOLLEKSIYA QU SALFET 30X30 SM",2,1.85
"AL MARKET",2024-04-19,"AL _747","CIKO GUNEBAXAN ILDIRIM QARA DUZLU 60 QR",2,1.6
"MAĞAZA",2024-04-19,"MAĞ_748","NID 20GR EDV.KOKOS POSET",2,1.3
"ARAZ MARKET",2024-04-19,"ARA_749","MACCOFFE ORIGINAL 3*1 DE 20GR",2,1.25
"""""QRAND"""" MARKET",2024-04-19,"""""Q_750","PAMIDOR ZIRE",1.08,4.49
"ARAZ MARKET",2024-04-19,"ARA_751","ARIEL YUYUCU TOZ LS BELAYA ROZA 5 KG",2,23.52
"OBA MARKET",2024-04-19,"OBA_752","BAM DIS MECUNU FERAHLIQ 125 ML",2,2.79
"MEGASTORE H?ZI ASLANOV",2024-04-19,"MEG_753","RENG NID TUND QRIMIZI 5GR 0134",2,1.15
"APTEK L?NK?RAN  4(485)",2024-04-19,"APT_754","SINTOMISIN   10f 25.0 TULSK RUS",3,2.39
"ARAZ MARKET",2024-04-19,"ARA_755","OVCU. KRAKOV. 350-400 QR",1.25,12.6
"SEDA STORE",2024-04-19,"SED_756","QEND IRAN KG",2.15,3.5
"BRAVO - LOKBATAN",2024-04-19,"BRA_757","DUYU SHA GOLD 1.9KQ.",2,6.99
"MAGAZA",2024-04-19,"MAG_758","SHABALID QEBELE VES.",1.57,12.51
"OBA MARKET SABIRABAD  16",2024-04-19,"OBA_759","ROSHEN VAFERS CHOCO 216 GR",2,2.99
"QƏDİROĞLU MARKET",2024-04-19,"QƏD_760","GILLETTE BLUE 2 PLUS",2,1.7
"MARKET VƏ İCARƏ",2024-04-19,"MAR_761","LAMPA DS 60V E14 CILCIRAQ NAZIK",2,1.59
"HIPER ?MIN? MARKET",2024-04-19,"HIP_762","ALMA GOLDEN_kq__",2.195,2.5
"APTEK SUMQAYIT 37",2024-04-19,"APT_763","Leykoplastir iz tkani DR,KomFort Zinc oxide 2.5smx5m № 1 (Procee) (<>) (Kitay)",2,2.1
"APTEK",2024-04-19,"APT_764","Milqamma  2 ml N 5 Ampula Worwag Pharma GmbH",2,12.44
"MAĞAZA",2024-04-19,"MAĞ_765","KONFET CHOCO LOVE BATON AG,QARA KG",1.5,11.8
"OBA MARKET GƏNCƏ 49",2024-04-19,"OBA_766","KARTOF KG",6.07,2.09
"KİNG SMART   SUPER MARKET",2024-04-19,"KİN_767","DoyMak Makaron boruvari 500gr",2,1.79
"APTEK-42 (746 SB)",2024-04-19,"APT_768","Neladeks 5qr n1 melhem",2,7.36
"AL MARKET",2024-04-19,"AL _769","TOYBOX CORNET SOKOLAD 25 GR",3,1.6
"AL MARKET",2024-04-19,"AL _770","MAGNA CARBON BLACK",3,3.1
"GRANMART HADRUT",2024-04-19,"GRA_771","COREK TENDIR HADRUT",3,1.55
"MAGAZA",2024-04-19,"MAG_772","PANASONIC AA BATAREYKA LR6EPS2BP",2,5.35
"EKONOM MARKET",2024-04-19,"EKO_773","MISTER TUM 100GR QARA ed",2,1.5
"BAZARSTORE ( SABİRABAD)",2024-04-19,"BAZ_774","VUGMA FINDIQ QOVRULMUS KQ",2.054,16.37
"ARAZ SUPERMARKET ÇOBANZAD?",2024-04-19,"ARA_775","TAC  NARSERAB 350 QR SOUS (1*20)",2,3.19
"ARAZ MARKET",2024-04-19,"ARA_776","CHELTON ENGLISH ROYAL CAY 100 GR",2,3.65
"PƏRAKƏNDƏ TICARƏT",2024-04-19,"PƏR_777","KALINKA 82% BIT",2,13.03
"OBA MARKET",2024-04-19,"OBA_778","NUR XAMA10% 180 QR",2,1.39
"ARAZ MARKET",2024-04-19,"ARA_779","MARS BATON 50GR",2,1.9
"BAZARSTORE ( HƏZİ ASLANOV-UKRAİNSKİ FİLİALI )",2024-04-19,"BAZ_780","MIA DUSES LIMONAD 2000 ML PET",2,2.59
"FAVORİT MARKET",2024-04-19,"FAV_781","ROTHMANS SILVER YENI",2,3.6
"BAZARSTORE (XƏTAİ)",2024-04-19,"BAZ_782","PANTENE BAMBOO  SAMPUN 300ML",2,7.59
"MARKET MEHTIYEV",2024-04-19,"MAR_783","YUMURTA AG ED",11,1.13
"GRANDMART ŞAMAXINKA",2024-04-19,"GRA_784","XAMA ROMASHKA 25% 200QR",2,3.25
"BRAVO - OAZIS",2024-04-19,"BRA_785","KARTOF KQ .",2.183,2.09
"AL MARKET",2024-04-19,"AL _786","ROTHMANS DEMI SILVER",2,3.6
"APTEK",2024-04-19,"APT_787","Spirt medichinskiy  95 100ml plastmassa Starlink Mehlul Starlink",2,1.6
"GÖYÇAY MARKET",2024-04-19,"GÖY_788","KONSERVLESDIRILMIS QARGIDALI D",2,2.75
"MEGASTORE H?ZI ASLANOV",2024-04-19,"MEG_789","Q K FILE  KG",1.598,7.69
"""""ARAZ"""" SUPERMARKET",2024-04-19,"""""A_790","GOYERTI  H2",8,1.17
"BRAVO",2024-04-19,"BRA_791","FINCAN 350R4850B-201",3,4.99
"APTEK",2024-04-19,"APT_792","Yod 5 20 ml  Spirtli mehlul Fitofarm",2,1.58
"MAĞAZA",2024-04-19,"MAĞ_793","Qidam Shekerli vanilin 5gr",11,1.06
"MARKET",2024-04-19,"MAR_794","QABYUYAN MAYE ALIYUS 450MLPORTAGAL",2,2.39
"OBA MARKET",2024-04-19,"OBA_795","ALMA QIRMIZI KG",3.22,1.99
"MAĞAZA İCARƏ",2024-04-19,"MAĞ_796","YUMURTA GIL�ZI K�ND",31,1.15
"ARAZ MARKET",2024-04-19,"ARA_797","CEKI QIRMIZI MERCI 25KG",2.03,3.78
"""""BIZIM MARKET"""" MMC",2024-04-19,"""""B_798","LƏZİZ PUL BİBƏR KG",1.1,13.5
"ARAZ MARKET",2024-04-19,"ARA_799","SWEET LIFE MARTIK KOROVKA KG",1.29,6.21
"KING SMART   SUPER MARKET",2024-04-19,"KIN_800","NUR COREK BOYUK",2,1.65
"OBA MARKET YASAMAL 1",2024-04-19,"OBA_801","WINSTON XSTYLE COMPACT SILVER SIQARET",2,4.5
"ARAZ MARKET",2024-04-19,"ARA_802","MOUNTAIN DEW 330ML*12 PET",2,1.5
"""""BAZARSTORE"""" MMC",2024-04-19,"""""B_803","BIZIM SUFRE MAYONEZ 55% 891ML SUSE",2,4.35
"MARKET",2024-04-19,"MAR_804","DOVGA SEVIMLI DAD 2.5% 900QR",2,3.2
"AL MARKET",2024-04-19,"AL _805","BIZIM SUD KEND QATIGI 500 GR 3.2%",2,2.25
"BAZARSTORE ( 28 MAY PLOTNİKOV FİLİALI)",2024-04-19,"BAZ_806","LEZIZ CEREZ BADAM IRI SUPER KG",1.214,29.5
"BRAVO-HIPER-TIFLIS PRO",2024-04-19,"BRA_807","BERG GLUKOZA 0.25L.",2,1.59
"APTEK",2024-04-19,"APT_808","Sinaflan  0,025 10 qr Melhem Nijpharm",2,2.28
"?RZAQ MAGAZASI",2024-04-19,"?RZ_809","NATURA ALMA 200ML",2,1.39
"BRAVO 28 MALL",2024-04-19,"BRA_810","MILLA AYR NAN 375ML.",2,1.89
"OBA MARKET",2024-04-19,"OBA_811","TAMDAD MARMELAD 250 GR",2,2.39
"ARAZ MARKET",2024-04-19,"ARA_812","ETI HOSBES KOKOSLU KREM VAFLI 142 GR",2,2.53
"HIPER ?MIN? MARKET",2024-04-19,"HIP_813","BIZIM TUM GUNEBAXAN TUMU 70 GR_Y™d__",2,1.21
"ARAZ MARKET",2024-04-19,"ARA_814","BINE ZAVOD COREYI BOYUK",2,1.65
"OBA MARKET SUMQAYIT 22",2024-04-19,"OBA_815","OZMO EGG FACES SOLEN 20 GR",2,2.1
"BRAVO MARKET",2024-04-19,"BRA_816","SEBA SARI PAKETDA.",2.503,6.55
"MARKET",2024-04-19,"MAR_817","QULAQ COPU LARA 300 ED",2,2.99
"BRAVO",2024-04-19,"BRA_818","PEMOLUX UNIVER 480QR",2,2.75
"OBA MARKET",2024-04-19,"OBA_819","MANDARIN KG",2.13,3.49
"ARAZ MARKET",2024-04-19,"ARA_820","FRUK.SAD SOK PORTAGAL QUTU 0.2LT",2,1.49
"BRAVO - OAZIS",2024-04-19,"BRA_821","LIMON KQ.",1.568,2.99
"OBA MARKET MING?ÇEVIR 16",2024-04-19,"OBA_822","ETI CRAX PENDIR-SOGAN KREKER 50 GR",2,1.7
"ARAZ MARKET",2024-04-19,"ARA_823","OLDENBURGER GOUDA PENDIR 48% KQ",1.24,16.42
"QAYALI GOLD MARKET VƏ SUBİCARƏ",2024-04-19,"QAY_824","Coca Cola 1.5L (0439)",2,2.49
"BRAVO TAHIR EXPRESS",2024-04-19,"BRA_825","CHUDO SIR VAN 40QR.",4,1.85
"OBA MARKET KÖHNƏ GÜNƏŞLI 15",2024-04-19,"OBA_826","BINE KURE COREK 400 GR",2,1.75
"""""BRAVO MARKET""""",2024-04-19,"""""B_827","CENNET QOC SERVELAT",1.268,15.14
"SURAXANI (MAGAZASI)",2024-04-19,"SUR_828","ETI BALIK KRAKER MISIRLI 40 GR",3,1.5
"OBA MARKET",2024-04-19,"OBA_829","YUVA MAYA 80 GR",2,1.79
"QAYALI GOLD MARKET VƏ SUBİCARƏ",2024-04-19,"QAY_830","Brest Mozzarella Pizza 45% (ceki)Kq",1.29,13.21
"OBA MARKET",2024-04-19,"OBA_831","MENTOS PURE FRESH TUTI FRUTI 15.5 GR",2,1.5
"MAGAZA",2024-04-19,"MAG_832","LOKUM USTEM CEVIZLI 2.5KQ CEKI",1.235,7.34
"AL MARKET",2024-04-19,"AL _833","BEST BEEF SERVELAT KG",1.222,12.89
"ARAZ MARKET",2024-04-19,"ARA_834","NAZARI DONUT KEK 65 GR",2,1.4
"""""BİZİM MARKET""""",2024-04-19,"""""B_835","AKKOND KON OREŞKA KG",1.125,16.59
"OBA MARKET",2024-04-19,"OBA_836","BANAN KG",1.74,3.8
"APTEK",2024-04-19,"APT_837","Hedacon N10 fl",2,19.6
"ARAZ MARKET",2024-04-19,"ARA_838","MIKA ARAXIS SHOK. KG",1.24,9.83
"MAGAZA RAMANA",2024-04-19,"MAG_839","SLAVYANKA DUSES PLASMAS 1.5 L",2,2.8
"ARAZ MARKET",2024-04-19,"ARA_840","MD  DONERCI LAVASI 10 EDED",2,2.8
"APTEK",2024-04-19,"APT_841","Citramon-P  N 6 Hebler Tatximfarmpreparati",6,1.15
"BAZARSTORE-LƏNKƏRAN ( QALA )",2024-04-19,"BAZ_842","SUN BAKERY COREK NARIZNOY D/Q",2,1.95
"BAZARSTORE(QARA QARAYEV)",2024-04-19,"BAZ_843","LEZIZ CEREZ ALCA SEYIDI KG",1.162,7.48
"ARAZ MARKET",2024-04-19,"ARA_844","DIS COPU 300 JANJAN-335",2,2.59
"EGE HOSPİTAL",2024-04-19,"EGE_845","SARS CoV2 RT RNA",2,51
"BRAVO",2024-04-19,"BRA_846","BADAMLI Q-SIZ 0.6L.",2,1.65
"MCDONALDS",2024-04-19,"MCD_847","Ekstra Frenç Frayz",2,4.8
"ARAZ MARKET",2024-04-19,"ARA_848","S.SUN ERD YAG_1.745(1.5705)KQX6_NOVRUZ",2,15.89
"ARAZ MARKET",2024-04-19,"ARA_849","RUSSKIY BISKVIT BISKVITNOE PIROJN.S SOK.VKUS.240GR",2,2.89
"BRAVO-HİPER-TİFLİS PRO",2024-04-19,"BRA_850","KOK YERLI KQ .",2.96,1.99
"OBA MARKET",2024-04-19,"OBA_851","SIYEZEN CIYER TABAKDA DONMUS KG",1.35,4.14
"BİZİM MARKET",2024-04-19,"BİZ_852","KİNGSTON SİLVER",2,2.9
"QAB-QACAQ MAĞAZASI",2024-04-19,"QAB_853","ROCOCO 0032300 OVAL DISH 29",5,16
"APTEK",2024-04-19,"APT_854","BINT    7x14  (ster)",2,1.7
"(BT-4) XƏTAİ ANBAR VƏ MAĞAZA",2024-04-19,"(BT_855","Bereket (Ed)",2,24
"MAGAZA",2024-04-19,"MAG_856","PAKET SEDEF 100ED P.",2,2.45
"BAZARSTORE-M( N?RIMANOV R. Ü. BÜNVATZAD? KÜÇ. 17 )",2024-04-19,"BAZ_857","MAKFA UN 2KG",3,3.99
"AL MARKET",2024-04-19,"AL _858","COCA-COLA ZERO 2 LT",2,2.8
"RAHAT MARKET NEFTÇIL?R 2",2024-04-19,"RAH_859","VANIL NID 5GR 0394",2,1.05
"ARAZ MARKET",2024-04-19,"ARA_860","BISCOLATA STICKS COCONUT 32GR",2,1.87
"BRAVO-GƏNCLİK",2024-04-19,"BRA_861","XURMA QARA",1.442,5.14
"BRAVO - OAZIS",2024-04-19,"BRA_862","VALIO KERE YAGI KG",2.076,17.69
"MAĞAZA",2024-04-19,"MAĞ_863","satis",2,10.9
"OBA MARKET",2024-04-19,"OBA_864","KONTI KARAMEL S MOLOCHNAYA 1000*6",1.28,6.11
"BRAVO BÜLBÜL 18",2024-04-19,"BRA_865","MILLA AYR NAN 375ML.",2,1.89
"OBA MARKET",2024-04-19,"OBA_866","FINAL METBEX YAGI 1 KG",2,6.5
"?MIN? MARKET",2024-04-19,"?MI_867","BIBER BAHA_kq__",1.172,4.9
"ARAZ MARKET",2024-04-19,"ARA_868","LASKOVOE LETO 2% SAFTALI YOQURT 120QR",2,1.45
"ƏRZAQ MAĞAZASI",2024-04-19,"ƏRZ_869","Doyaruska Yag 200 GR ed.",2,5.1
"ARAZ MARKET",2024-04-19,"ARA_870","SAVILLE MAKARON QELEM KESME 500GR",2,2.15
"BRAVO KHATAI PARK",2024-04-19,"BRA_871","SAV SUD UHT 1.5% 1L",2,2.69
"KOSMOS MARKET",2024-04-19,"KOS_872","FANAT SUXARI DANA ETLI 35 GR",2,1.26
"MAGAZA",2024-04-19,"MAG_873","STRIX I-011",2,1.75
"NGA KOROGLU BRAVO",2024-04-19,"NGA_874","OSTAN VAR. DOKTOR TR",2,6.99
"OBA MARKET NEFÇELA  1",2024-04-19,"OBA_875","EVDEN KOR.TURSU KALAYCIOGLU 720 GR",2,2.89
"AL MARKET",2024-04-19,"AL _876","VERNEL 1 LT RELAX AROMA THERAPY",2,2.99
"topdan market",2024-04-19,"top_877","KOLB BEST BEEF SERVELAT KG",1.168,11.47
"PƏRAKƏNDƏ TICARƏT",2024-04-19,"PƏR_878","YE DOY DOYUMLUQ",2,2.62
"MAĞAZA",2024-04-19,"MAĞ_879","EL EMEYI SAC LAVASI 10EDED",2,1.8
"MAĞAZA",2024-04-19,"MAĞ_880","satis",2,66
"APTEK 48",2024-04-19,"APT_881","MEZIM-FORTE N20 10000ED ALM",2,6.93
"""""ARAZ"""" SUPERMARKET",2024-04-19,"""""A_882","ZOLOTOY PETUSOK NAGGETS TOYUQLU 300 GR 1X12",2,4.65
"MARKET GÜNƏŞLİ",2024-04-19,"MAR_883","SU BONAGUA 0,5 L QAZLI PL.",2,1.4
"KFC-GƏNCƏ MALL",2024-04-19,"KFC_884","Capri-Sun Multivitamin",2,2.4
"BAZARSTORE MAGAZASI",2024-04-19,"BAZ_885","COCA COLA 2,5 LT",2,2.99
"BOLLUQ MARKET MAGAZASI",2024-04-19,"BOL_886","DOVGA EMAY 200QR",2,1.5
"KFC-VAĞZAL",2024-04-19,"KFC_887","Kartof Fri 120",2,2
"MAĞAZA",2024-04-19,"MAĞ_888","Sərbəst Satış",2,17.79
"ARAZ MARKET",2024-04-19,"ARA_889","PC QARA KISMIS N2",1.21,10.67
"AVROMART N?RIMANOV",2024-04-19,"AVR_890","DEFTER 12V RUS 8012K",2,1.2
"ARAZ MARKET",2024-04-19,"ARA_891","BADIMCAN SECME KG",1.75,3.68
"ARAZ MARKET",2024-04-19,"ARA_892","SEBA KERE YAG 82.5% 1KQ",2,17.99
"AL MARKET",2024-04-19,"AL _893","MIRVARI UN 5 KG",2,5.55
"ARAZ SUPERMARKET HÖVSAN 2",2024-04-19,"ARA_894","NESCAFE 3IN1 STRONG 14.5GR",5,1.3
"OBA MARKET",2024-04-19,"OBA_895","MAREDO MIGAMU KOROVKA BUKME (MOGUL) 3 KG",1.17,5
"BRAVO",2024-04-19,"BRA_896","ILGIM QARA IST 15QR.",2,1.71
"OBA MARKET",2024-04-19,"OBA_897","COFFEE TIME CAPPUCCINO 25 GR",2,1.42
"BRAVO - RAZIN",2024-04-19,"BRA_898","SIBIRAK QARABASH25.",2.081,3.85
"BAZARSTORE ( SUMQAYIT-2 )",2024-04-19,"BAZ_899","KAHI(MARUL)EDED",2,1.49
"APTEK",2024-04-19,"APT_900","ATAMOL PRL   500 MG N100 (EDED)",11,1.04
"ARAZ SUPERMARKET ZAQULBA",2024-04-19,"ARA_901","MANDARIN TURK KG",1.9,2.99
"BRAVO ŞƏRİFZADƏ 231-233",2024-04-19,"BRA_902","DOYARUSHKA YAG 454QR",2,9.99
"ƏRZAQ MAĞAZASI",2024-04-19,"ƏRZ_903","Berqa earl grey cay 100gr",2,3.2
"OBA MARKET AGSTAFA 6",2024-04-19,"OBA_904","MAGNA NANO SILVER SIQARET",2,3.1
"APTEK",2024-04-19,"APT_905","Doktor-lor limon-med N 100 Hebler 7+1 Avromed a.s.d /a.s.f SRS-Pharmaceuticals Pvt Ltd.",3,1.1
"BRAVO",2024-04-19,"BRA_906","AZER SHEKER TOZU 5KG",3,8.96
"ARAZ MARKET",2024-04-19,"ARA_907","KENT BORINGER VANIL 480*5 GR",2,1.09
"AL MARKET",2024-04-19,"AL _908","BINE ZAVOD COREK 650 GR",3,1.65
"MARKET",2024-04-19,"MAR_909","NH. LEIDA BATAREYA AA R6P 1.5V 2LI",2,1.99
"BAZARSTORE ( G?NC?-4 )",2024-04-19,"BAZ_910","MOCUZE KERE LEZZETLI AG XEMIR YAGI 250GR",3,2.25
"BRAVO - OAZIS",2024-04-19,"BRA_911","SHABALID KG.",1.685,7.29
"AL MARKET",2024-04-19,"AL _912","NATURA MULTIVITAMIN SIRESI 200 ML T/P",4,1.4
"AL MARKET",2024-04-19,"AL _913","SOBRANIE SLIM WHITES",5,5
"ARAZ MARKET",2024-04-19,"ARA_914","YASKINO VISNELI PRYANNIK 350GR",2,2.69
"ARAZ MARKET",2024-04-19,"ARA_915","OVCU. POLSKI KRAKOV.  KQ",1.55,9.67
"İSTANBUL EVLƏRİ BRAVO",2024-04-19,"İST_916","CIKO AG TUM 100QR.",2,2.25
"OBA MARKET",2024-04-19,"OBA_917","FRUTO TIME LIMONAD TERXUN 1.5 L",2,2.1
"AYXAN MARKET",2024-04-19,"AYX_918","erzaq",2,66.84
"ARAZ SUPERMARKET XIRDALAN",2024-04-19,"ARA_919","SNICKERS SUPER 95GR",2,2.5
"MARKET",2024-04-19,"MAR_920","COREK COREKCI 600QR ZAVOD",2,1.65
"REFEM MARKET",2024-04-19,"REF_921","mehsul",2,70.2
"ARAZ MARKET",2024-04-19,"ARA_922","PORTAGAL SUPER KG",1.62,2.6
"BAZARSTORE-M( ZAHID X?LIL 60 / YASAMAL-2)",2024-04-19,"BAZ_923","BAKIXANOV ZAVOD COREYI BOYUK",2,1.65
"BRAVO MARKET",2024-04-19,"BRA_924","NESCAFE SUSE 475G.",2,3.39
"AL MARKET",2024-04-19,"AL _925","ROTHMANS CLICK AMBER",2,3.6
"BRAVO MARKET",2024-04-19,"BRA_926","V DAD XAMA 10% 200QR",2,2.03
"AL MARKET",2024-04-19,"AL _927","COCA-COLA 2 LT. PET",2,2.8
"OBA MARKET",2024-04-19,"OBA_928","PALL MALL NANO SILVER SIQARET",2,3.6
"""""ARAZ"""" SUPERMARKET",2024-04-19,"""""A_929","JUMBO ARAXIS 150GR",2,3.59
"OBA MARKET",2024-04-19,"OBA_930","TUTKU KAKAO 6X36X40 G ETI",2,1.35
"SPAR MARKET",2024-04-19,"SPA_931","KENT NANO 4",2,4.7
"OBA MARKET",2024-04-19,"OBA_932","TAMDAD DONER LAVASHI 650 GR",2,2.6
"ARAZ SUPERMARKET QALA",2024-04-19,"ARA_933","BERQA EARL GREY TB 24*2GR",2,2.84
"KFC-INSAATÇILAR",2024-04-19,"KFC_934","12 Qanad",2,10.9
"OBA MARKET",2024-04-19,"OBA_935","TURKCHEF UN 1 KG",2,2.35
"BAZARSTORE ( MIDA -HÖVSAN M.20)",2024-04-19,"BAZ_936","MERCAN TEZE TOYUQ FILE KG",1.994,7.99
"ARAZ MARKET",2024-04-19,"ARA_937","KENT TOFITA STRAWBERRY 47GR",2,1.75
"ARAZ MARKET",2024-04-19,"ARA_938","DENEB DUSHES LIMONAD SUSE 450 ML",2,1.78
"""""ARAZ"""" MARKET",2024-04-19,"""""A_939","HICAZ BUTULKA TEZE ACIQ KG",2.13,7.01
"ƏRZAQ MAĞAZASI",2024-04-19,"ƏRZ_940","Erzaq",2,5
"ƏRZAQ MAĞAZASI",2024-04-19,"ƏRZ_941","SAB CAMIS QATIQI 500QR",2,3.28
"OKAIDI-3 GEYIM MAGAZASI",2024-04-19,"OKA_942","0682348,LAURE BOOT FOURREE OR OKF,26,0302 - OR",2,43.5
"OBA MARKET GƏDƏBƏY 6",2024-04-19,"OBA_943","MONTE LEMO SUSHKI PROSTIYE KG",1.51,4.37
"OBA MARKET AĞCABƏDI 2",2024-04-19,"OBA_944","ENERSHOCK ENERGY 450 ML",2,1.69
"QAYALI GOLD MARKET VƏ SUBİCARƏ",2024-04-19,"QAY_945","Sweet Bar Pambiq (0057) 40qr",5,1.8
"BRAVO-HİPER-TİFLİS PRO",2024-04-19,"BRA_946","SD OKHOTNICHAYA H/V",1.588,16.26
"AL MARKET",2024-04-19,"AL _947","BIZIM BOSTAN XIYAR TURSUSU 700GR",2,2.09
"AZADLIQ 145  BRAVO",2024-04-19,"AZA_948","PEPSI COLA MB 0.33L.",3,1.99
"GRANDMART PARK PLUS",2024-04-19,"GRA_949","QABYUYAN MAYE FAIRY 450ML LOSYON ALOE VERA",2,1.99
"OBA MARKET SABUNÇU 14",2024-04-19,"OBA_950","ROTHMANS BLUE YENI SIQARET",2,3.6
"ARAZ MARKET",2024-04-19,"ARA_951","KIBRIT",11,1.05
"BAZARSTORE ( SUMQAYIT FILIALI 2051 )",2024-04-19,"BAZ_952","BAISAD KARTOF-FREE 1000 GR",2,3.99
"OBA MARKET",2024-04-19,"OBA_953","SIYEZEN DONMUS TOYUQ GOY PAKET KG",9.03,4.99
"MARKET VƏ SUBICARƏ",2024-04-19,"MAR_954","SEKER TOZU IMISLI KQ",11,2.02
"QAYALI GOLD MARKET V? SUBICAR?",2024-04-19,"QAY_955","ERZAQ (Ed)",2,42.17
"Neptun-S adlı mağaza",2024-04-19,"Nep_956","NES 285GR PECENYE SEKERLI",2,3.25
"?RZAQ MAGAZASI",2024-04-19,"?RZ_957","La Monde Caramel Fudge cherry/orange kq",1.568,8.82
"""""ARAZ"""" SUPERMARKET",2024-04-19,"""""A_958","GOYERTI  H2",11,1.17
"OBA MARKET ZIĞ 2",2024-04-19,"OBA_959","FANAT SUXARI KABAB 70 GR",2,1.49
"MARKET",2024-04-19,"MAR_960","GOBELEK TURSHUSU DVORRAZDOLYE 580 ML",2,5.95
"HİPER ƏMİNƏ MARKET",2024-04-19,"HİP_961","BERQA EARL GREY 225G_Y™d__",2,5.92
"MAĞAZA",2024-04-19,"MAĞ_962","XAMA ROMASHKA 25% 350QR",2,4.22
"APTEK",2024-04-19,"APT_963","Renni apelsin N 24 Jevat.tab Bayer",2,3.2
"AL MARKET",2024-04-19,"AL _964","BIZON ENERJI ICECEGI 250 ML",2,1.7
"OBA MARKET",2024-04-19,"OBA_965","CHIPSIM TOMATLI 75 GR",2,2.25
"Q?DIROGLU MARKET",2024-04-19,"Q?D_966","BETA SNAX FISTIK 30GR",3,1.28
"IL Market",2024-04-19,"IL _967","MANDAROZ KQ 1923 кг",2.2,3.55
"AL MARKET",2024-04-19,"AL _968","GILEZI YUMURTA",16,1.13
"Q?DIROGLU UGUR MARKET",2024-04-19,"Q?D_969","DIROL QARPIZLI-QOVUNLU KOKTEYL",2,1.45
"AL MARKET",2024-04-19,"AL _970","COREKCI ZAVOD COREYI 600 GR",2,1.65
"APTEK 552",2024-04-19,"APT_971","Amlokard-Sanovel",2,3.5
"ARAZ SUPERMARKET BIN?Q?DI 2",2024-04-19,"ARA_972","TAC TERXUN LIMONAD 1 LITR",2,1.85
"OBA MARKET",2024-04-19,"OBA_973","TAMDAD MARMELADLI PECENYE KG",1.7,4.87
"ƏRZAQ MAĞAZASI-İCARƏ",2024-04-19,"ƏRZ_974","V.O La Monde La Bella 1.5 KG {Ceki} kg",1.2,13.99
"MARKET",2024-04-19,"MAR_975","ROSKO VETCINA KG MAL ETINDEN",1.51,11.9
"MAGAZA",2024-04-19,"MAG_976","Kend Toyugu KG kg",2.16,5.49
"BİZİM MARKET",2024-04-19,"BİZ_977","BATON ÇÖRƏYİ 400QR",2,1.8
"RAHAT MARKET INQILAB",2024-04-19,"RAH_978","SALFETKA SELPAK 210ED 8917",2,2.2
"AZ08 MAĞAZASI",2024-04-19,"AZ0_979","KMR,CANNEY-CU",2,6.99
"TICAR?T",2024-04-19,"TIC_980","ANADOLU UN 50KQ",3.002,1.76
"KİNG SMART   SUPER MARKET",2024-04-19,"KİN_981","Mocuze Yag 250gr",2,2.19
"BRAVO - OAZIS",2024-04-19,"BRA_982","EGG CANDLE 60/45",5,2.16
"OBA MARKET",2024-04-19,"OBA_983","SUXOV TUND ICKI ARAQ 500 ML",2,7.99
"BİZİM MARKET",2024-04-19,"BİZ_984","N1 BORODİN CÖRƏYİ 40",2,1.85
"MAGAZA",2024-04-19,"MAG_985","BANAN KG_kq_",1.838,3.6
"BAZARSTORE CELİLABAD FİLİALI (2055)",2024-04-19,"BAZ_986","LASTOCKA KR/O KG",1.296,8.2
"APTEK-338 (63M)",2024-04-19,"APT_987","Rikoks 90 mq № 30 (Həblər) (Zim Laboratories limited)",11,1.56
"ARAZ MARKET",2024-04-19,"ARA_988","SWEET PLUS CUDO YERFINDIGI 250GR",2,4.35
"BRAVO-GƏNCLİK",2024-04-19,"BRA_989","UL ICIM PUD CHO 60G.",5,1.55
"OBA MARKET",2024-04-19,"OBA_990","BEST BEEF OCAQ SOSISKA KG",2.03,12.45
"RESTORAN DENIZ",2024-04-19,"RES_991","Pendirli Sous",2,1.65
"BAZARSTORE ( QARA QARAYEV 2 )",2024-04-19,"BAZ_992","YEDOY SAC LAVASI",5,1.7
"OBA MARKET XUDAT 8",2024-04-19,"OBA_993","ULKER HALLEY PECENYE 30 GR",6,1.25
"BAZARSTORE-M( XIRDALAN ŞƏH. AAAF-PARK )",2024-04-19,"BAZ_994","NIVEA ANTISTRESS FOR MEN 150 ML ULTRA",2,5.89
"MURAD MARKET ARAZ V? ICAR? OBYEKTI",2024-04-19,"MUR_995","ETI HOSBES CIYELEK 40GR",2,1.5
"OBA MARKET",2024-04-19,"OBA_996","RUSSKIY BISKVIT RULET ABRIKOSOVIY 150 GR",2,1.85
"ARAZ MARKET",2024-04-19,"ARA_997","SIRAB QAZSIZ SU PET 5 LT",2,3.25
"MARKET",2024-04-19,"MAR_998","LIMONAD MIA 2 LT TERXUN",2,2.59
"AL MARKET",2024-04-19,"AL _999","FANAT SUXARI DONER 30 QR",2,1.25
"ŞƏKİ MARKET",2024-04-19,"ŞƏK_1000","DANA  ETI",1.765,10.9
